timestamp;date_GMT;status;attendance;home_team_name;away_team_name;referee;Game Week;Pre-Match PPG (Home);Pre-Match PPG (Away);home_ppg;away_ppg;home_team_goal_count;away_team_goal_count;total_goal_count;total_goals_at_half_time;home_team_goal_count_half_time;away_team_goal_count_half_time;home_team_goal_timings;away_team_goal_timings;home_team_corner_count;away_team_corner_count;home_team_yellow_cards;home_team_red_cards;away_team_yellow_cards;away_team_red_cards;home_team_first_half_cards;home_team_second_half_cards;away_team_first_half_cards;away_team_second_half_cards;home_team_shots;away_team_shots;home_team_shots_on_target;away_team_shots_on_target;home_team_shots_off_target;away_team_shots_off_target;home_team_fouls;away_team_fouls;home_team_possession;away_team_possession;Home Team Pre-Match xG;Away Team Pre-Match xG;team_a_xg;team_b_xg;average_goals_per_match_pre_match;btts_percentage_pre_match;over_15_percentage_pre_match;over_25_percentage_pre_match;over_35_percentage_pre_match;over_45_percentage_pre_match;over_15_HT_FHG_percentage_pre_match;over_05_HT_FHG_percentage_pre_match;over_15_2HG_percentage_pre_match;over_05_2HG_percentage_pre_match;average_corners_per_match_pre_match;average_cards_per_match_pre_match;odds_ft_home_team_win;odds_ft_draw;odds_ft_away_team_win;odds_ft_over15;odds_ft_over25;odds_ft_over35;odds_ft_over45;odds_btts_yes;odds_btts_no;stadium_name
1675454400;Feb 03 2023 - 8:00pm;complete;N/A;El Porvenir Women;Estudiantes La Plata Women;N/A;1;0.00;0.00;1.00;0.75;2;2;4;0;0;0;62,69;48,51;2;1;2;0;5;0;2;0;2;3;9;8;5;5;4;3;-1;-1;50;50;0.00;0.00;1.19;1.13;0.00;0;0;0;0;0;0;0;0;0;0.00;0.00;0.00;0.00;0.00;0.00;0.00;0.00;0.00;0.00;0.00;Estadio Gildo Francisco Ghersinich (Gerli- Provincia de Buenos Aires)
1675454400;Feb 03 2023 - 8:00pm;complete;N/A;Lanus Women;Estudiantes Caseros W;N/A;1;0.00;0.00;0.67;0.91;0;0;0;0;0;0;;;2;2;-1;-1;-1;-1;-1;-1;-1;-1;4;9;0;4;4;5;-1;-1;50;50;0.00;0.00;0.62;1.36;0.00;0;0;0;0;0;0;0;0;0;0.00;0.00;0.00;0.00;0.00;0.00;0.00;0.00;0.00;0.00;0.00;Predio LanÇ§s Auxiliar (ValentÇðn Alsina- Provincia de Buenos Aires)
1675512000;Feb 04 2023 - 12:00pm;complete;N/A;Gimnasia La Plata W;SAT W;N/A;1;0.00;0.00;1.27;1.36;0;0;0;0;0;0;;;3;4;-1;-1;-1;-1;-1;-1;-1;-1;6;8;4;7;2;1;-1;-1;48;52;0.00;0.00;1.08;1.45;0.00;0;0;0;0;0;0;0;0;0;0.00;0.00;0.00;0.00;0.00;0.00;0.00;0.00;0.00;0.00;0.00;Estadio Juan Carmelo Zerillo (La Plata- Provincia de Buenos Aires)
1675512000;Feb 04 2023 - 12:00pm;complete;N/A;Huracan Women;Independiente Women;N/A;1;0.00;0.00;1.91;1.27;1;0;1;1;1;0;44;;8;8;2;0;1;1;0;2;1;1;8;9;5;4;3;5;-1;-1;50;50;0.00;0.00;1.23;1.17;0.00;0;0;0;0;0;0;0;0;0;0.00;0.00;0.00;0.00;0.00;0.00;0.00;0.00;0.00;0.00;0.00;Predio La Quemita (Capital Federal- Ciudad de Buenos Aires)
1675540800;Feb 04 2023 - 8:00pm;complete;N/A;UAI Urquiza Women;Banfield W;N/A;1;0.00;0.00;2.23;1.58;4;0;4;1;1;0;29,62,64,68;;7;2;1;0;2;0;0;1;1;1;11;7;8;4;3;3;-1;-1;50;50;0.00;0.00;1.79;0.96;0.00;0;0;0;0;0;0;0;0;0;0.00;0.00;0.00;0.00;0.00;0.00;0.00;0.00;0.00;0.00;0.00;Estadio Monumental de Villa Lynch (General San MartÇðn- Provincia de Buenos Aires)
1675598400;Feb 05 2023 - 12:00pm;complete;N/A;Platense Women;Boca Juniors Women;N/A;1;0.00;0.00;2.50;2.25;1;1;2;0;0;0;61;67;3;6;2;0;1;0;0;2;0;1;11;14;4;4;7;10;-1;-1;50;50;0.00;0.00;1.37;1.67;0.00;0;0;0;0;0;0;0;0;0;0.00;0.00;0.00;0.00;0.00;0.00;0.00;0.00;0.00;0.00;0.00;Predio Alejandro Mariani DolÇ­n (Capital Federal- Ciudad de Buenos Aires)
1675627200;Feb 05 2023 - 8:00pm;complete;N/A;River Plate Women;Ferro Carril Oeste Women;N/A;1;0.00;0.00;2.30;0.27;2;0;2;2;2;0;29,35;;6;4;1;0;1;0;0;1;0;1;14;8;7;4;7;4;10;8;50;50;0.00;0.00;1.94;1.16;0.00;0;0;0;0;0;0;0;0;0;0.00;0.00;0.00;0.00;0.00;0.00;0.00;0.00;0.00;0.00;0.00;Polideportivo CA River Plate (Predio Ezeiza) (Ezeiza- Provincia de Buenos Aires)
1675713600;Feb 06 2023 - 8:00pm;complete;N/A;Racing Club Women;San Lorenzo Women;N/A;1;0.00;0.00;1.75;1.50;1;2;3;1;0;1;88;1,9002;5;4;2;0;3;0;2;0;1;2;10;8;6;6;4;2;-1;-1;50;50;0.00;0.00;1.67;1.29;0.00;0;0;0;0;0;0;0;0;0;0.00;0.00;0.00;0.00;0.00;0.00;0.00;0.00;0.00;0.00;0.00;Tita Mattiusi Predio Racing Club (SarandÇð- Provincia de Buenos Aires)
1675713600;Feb 06 2023 - 8:00pm;complete;N/A;Belgrano W;Excursionistas Women;N/A;1;0.00;0.00;1.73;0.83;2;1;3;0;0;0;;;3;1;-1;-1;-1;-1;-1;-1;-1;-1;-1;-1;-1;-1;-1;-1;-1;-1;-1;-1;0.00;0.00;0.00;0.00;0.00;0;0;0;0;0;0;0;0;0;0.00;0.00;0.00;0.00;0.00;0.00;0.00;0.00;0.00;0.00;0.00;Predio Armando PÇ¸rez (CÇürdoba- Provincia de CÇürdoba)
1675800000;Feb 07 2023 - 8:00pm;complete;N/A;Defensores de Belgrano W;Rosario Central W;N/A;1;0.00;0.00;0.73;2.25;1;6;7;3;0;3;60;20,33,41,76,82,9001;5;6;1;0;2;0;0;1;1;1;7;12;2;10;5;2;-1;-1;50;50;0.00;0.00;1.12;2.02;0.00;0;0;0;0;0;0;0;0;0;0.00;0.00;0.00;0.00;0.00;0.00;0.00;0.00;0.00;0.00;0.00;Estadio Juan Pasquale (Capital Federal- Ciudad de Buenos Aires)
1677873600;Mar 03 2023 - 8:00pm;complete;N/A;Estudiantes La Plata Women;Estudiantes Caseros W;N/A;2;0.00;1.00;0.60;0.91;1;0;1;1;1;0;18;;1;6;11;0;5;0;4;7;2;3;7;12;4;4;3;8;-1;-1;50;50;0.00;1.36;1.03;1.48;0.00;0;0;0;0;0;0;0;0;0;2.00;0.00;0.00;0.00;0.00;0.00;0.00;0.00;0.00;0.00;0.00;Country Club de Estudiantes de La Plata (La Plata- Provincia de Buenos Aires)
1677873600;Mar 03 2023 - 8:00pm;complete;N/A;UAI Urquiza Women;LanÇ§s Women;N/A;2;3.00;0.00;2.23;0.30;5;0;5;2;2;0;3,23,51,69,77;;9;3;1;0;2;1;1;0;0;3;12;2;7;2;5;0;-1;-1;50;50;1.79;0.00;1.81;0.60;2.00;0;50;50;50;0;0;50;50;50;7.00;1.00;0.00;0.00;0.00;0.00;0.00;0.00;0.00;0.00;0.00;Estadio Monumental de Villa Lynch (General San MartÇðn- Provincia de Buenos Aires)
1677960000;Mar 04 2023 - 8:00pm;complete;N/A;San Lorenzo Women;Defensores de Belgrano W;N/A;2;0.00;0.00;1.82;0.00;2;0;2;1;1;0;2,79;;4;2;1;0;3;0;1;0;2;1;16;4;9;0;7;4;-1;-1;50;50;0.00;0.00;2.28;0.52;0.00;0;0;0;0;0;0;0;0;0;0.00;0.00;0.00;0.00;0.00;0.00;0.00;0.00;0.00;0.00;0.00;Cancha Auxiliar San Lorenzo (Capital Federal- Ciudad de Buenos Aires)
1677960000;Mar 04 2023 - 8:00pm;complete;N/A;Boca Juniors Women;Racing Club Women;N/A;2;0.00;0.00;3.00;1.90;3;0;3;0;0;0;60,67,89;;6;0;2;0;3;1;1;1;1;3;10;3;4;0;6;3;-1;-1;50;50;0.00;0.00;1.32;0.41;0.00;0;0;0;0;0;0;0;0;0;0.00;0.00;0.00;0.00;0.00;0.00;0.00;0.00;0.00;0.00;0.00;Complejo Casa Amarilla Pedro Pompilio (Ciudad de Buenos Aires)
1678017600;Mar 05 2023 - 12:00pm;complete;N/A;Ferro Carril Oeste Women;El Porvenir Women;N/A;2;0.00;0.00;1.91;0.40;4;0;4;1;1;0;18,53,71,90;;1;8;2;0;4;0;1;1;3;1;16;11;10;6;6;5;-1;-1;50;50;0.00;0.00;2.11;1.49;0.00;0;0;0;0;0;0;0;0;0;0.00;0.00;0.00;0.00;0.00;0.00;0.00;0.00;0.00;0.00;0.00;Predio Ferro Pontevedra (Pontevedra- Provincia de Buenos Aires)
1678017600;Mar 05 2023 - 12:00pm;complete;N/A;Banfield W;Gimnasia La Plata W;N/A;2;0.00;0.00;0.89;0.82;1;0;1;0;0;0;;;4;5;-1;-1;-1;-1;-1;-1;-1;-1;-1;-1;-1;-1;-1;-1;-1;-1;-1;-1;0.00;0.00;0.00;0.00;0.00;0;0;0;0;0;0;0;0;0;0.00;0.00;0.00;0.00;0.00;0.00;0.00;0.00;0.00;0.00;0.00;Predio Luis GuillÇün (Luis GuillÇün- Provincia de Buenos Aires)
1678132800;Mar 06 2023 - 8:00pm;complete;N/A;Independiente Women;River Plate Women;N/A;2;0.00;0.00;2.00;1.44;1;0;1;0;0;0;9003;;2;7;2;0;2;0;1;1;0;2;10;11;4;5;6;6;-1;-1;50;50;0.00;0.00;1.37;1.60;0.00;0;0;0;0;0;0;0;0;0;0.00;0.00;0.00;0.00;0.00;0.00;0.00;0.00;0.00;0.00;0.00;Estadio Libertadores de AmÇ¸rica (Avellaneda- Provincia de Buenos Aires)
1678132800;Mar 06 2023 - 8:00pm;complete;N/A;SAT W;Platense Women;N/A;2;0.00;0.00;0.73;1.30;1;1;2;2;1;1;14;16;5;1;2;1;2;0;2;1;1;1;8;6;3;3;5;3;-1;-1;50;50;0.00;0.00;1.19;0.96;0.00;0;0;0;0;0;0;0;0;0;0.00;0.00;0.00;0.00;0.00;0.00;0.00;0.00;0.00;0.00;0.00;Camping Moreno SATSAID (Moreno- Provincia de Buenos Aires)
1678219200;Mar 07 2023 - 8:00pm;complete;N/A;Rosario Central W;Belgrano W;N/A;2;0.00;0.00;1.89;1.00;0;0;0;0;0;0;;;3;11;-1;-1;-1;-1;-1;-1;-1;-1;0;2;0;0;0;2;-1;-1;50;50;0.00;0.00;0.00;0.00;0.00;0;0;0;0;0;0;0;0;0;0.00;0.00;0.00;0.00;0.00;0.00;0.00;0.00;0.00;0.00;0.00;Ciudad Deportiva de Rosario Central (Granadero Baigorria- Santa Fe)
1678449600;Mar 10 2023 - 12:00pm;complete;N/A;El Porvenir Women;Independiente Women;N/A;3;1.00;0.00;1.00;1.27;0;1;1;0;0;0;;9001;1;7;2;0;4;0;0;2;2;2;6;20;2;9;4;11;-1;-1;50;50;1.19;1.17;0.88;2.48;2.50;50;50;50;50;0;0;50;50;50;10.00;5.00;0.00;0.00;0.00;0.00;0.00;0.00;0.00;0.00;0.00;Estadio Gildo Francisco Ghersinich (Gerli- Provincia de Buenos Aires)
1678478400;Mar 10 2023 - 8:00pm;complete;N/A;Racing Club Women;SAT W;N/A;3;0.00;1.00;1.75;1.36;1;0;1;1;1;0;11;;1;2;5;2;3;1;1;6;1;3;7;7;3;5;4;2;-1;-1;50;50;1.67;1.45;1.12;1.31;1.50;50;50;50;0;0;0;50;50;50;9.00;2.00;0.00;0.00;0.00;0.00;0.00;0.00;0.00;0.00;0.00;Tita Mattiusi Predio Racing Club (SarandÇð- Provincia de Buenos Aires)
1678478400;Mar 10 2023 - 8:00pm;complete;N/A;Huracan Women;Rosario Central W;N/A;3;3.00;3.00;1.91;2.25;1;1;2;1;0;1;90;26;0;2;4;0;3;0;2;2;2;1;9;9;4;6;5;3;-1;-1;50;50;1.23;2.02;1.42;1.37;4.00;50;50;50;50;50;50;100;50;50;14.00;4.00;0.00;0.00;0.00;0.00;0.00;0.00;0.00;0.00;0.00;Predio La Quemita (Capital Federal- Ciudad de Buenos Aires)
1678536000;Mar 11 2023 - 12:00pm;complete;N/A;Lanus Women;Estudiantes La Plata Women;N/A;3;1.00;1.00;0.67;0.75;1;2;3;2;1;1;29;27,9;1;5;2;0;3;0;1;1;0;3;8;13;4;3;4;10;-1;-1;50;50;0.62;1.13;1.05;1.52;2.00;50;50;50;50;0;0;0;50;50;3.00;5.00;0.00;0.00;0.00;0.00;0.00;0.00;0.00;0.00;0.00;Predio LanÇ§s Auxiliar (ValentÇðn Alsina- Provincia de Buenos Aires)
1678564800;Mar 11 2023 - 8:00pm;complete;N/A;Defensores de Belgrano W;Boca Juniors Women;N/A;3;0.00;1.00;0.73;2.25;0;1;1;1;0;1;;4503;1;5;2;0;2;0;1;1;1;1;3;14;2;5;1;9;-1;-1;50;50;1.12;1.67;0.45;1.60;4.50;100;100;50;50;50;50;50;100;100;11.00;2.00;0.00;0.00;0.00;0.00;0.00;0.00;0.00;0.00;0.00;Estadio Juan Pasquale (Capital Federal- Ciudad de Buenos Aires)
1678622400;Mar 12 2023 - 12:00pm;complete;N/A;Gimnasia La Plata W;UAI Urquiza Women;N/A;3;1.00;0.00;1.27;2.80;0;1;1;1;0;1;;38;1;7;2;0;1;0;0;2;0;1;7;14;3;5;4;9;-1;-1;50;50;1.08;0.00;0.89;1.83;0.00;0;0;0;0;0;0;0;0;0;3.00;0.00;0.00;0.00;0.00;0.00;0.00;0.00;0.00;0.00;0.00;Estadio Juan Carmelo Zerillo (La Plata- Provincia de Buenos Aires)
1678622400;Mar 12 2023 - 12:00pm;complete;N/A;Platense Women;Banfield W;N/A;3;1.00;0.00;2.50;1.58;1;0;1;1;1;0;26;;2;3;1;0;2;1;1;0;1;2;15;12;6;7;9;5;-1;-1;50;50;1.37;0.96;1.80;1.64;3.00;50;100;50;50;0;0;50;100;100;5.00;4.00;0.00;0.00;0.00;0.00;0.00;0.00;0.00;0.00;0.00;Predio Alejandro Mariani DolÇ­n (Capital Federal- Ciudad de Buenos Aires)
1678737600;Mar 13 2023 - 8:00pm;complete;N/A;Belgrano W;San Lorenzo Women;N/A;3;3.00;3.00;1.73;1.50;0;3;3;1;0;1;;4501,68,77;2;1;-1;-1;-1;-1;-1;-1;-1;-1;7;17;5;10;2;7;-1;-1;50;50;0.00;1.29;1.01;2.08;3.00;100;100;100;0;0;0;50;50;50;7.00;3.00;0.00;0.00;0.00;0.00;0.00;0.00;0.00;0.00;0.00;Predio C. A. Racing (Ciudad de CÇürdoba- Provincia de CÇürdoba)
1678737600;Mar 13 2023 - 8:00pm;complete;N/A;River Plate Women;Excursionistas Women;N/A;3;3.00;0.00;2.30;0.83;2;1;3;2;1;1;10,64;32;7;0;2;0;1;0;0;2;0;1;15;11;5;5;10;6;-1;-1;50;50;1.94;0.00;1.66;1.22;2.50;50;100;50;0;0;50;50;0;0;7.00;1.00;0.00;0.00;0.00;0.00;0.00;0.00;0.00;0.00;0.00;Polideportivo CA River Plate (Predio Ezeiza) (Ezeiza- Provincia de Buenos Aires)
1678818600;Mar 14 2023 - 6:30pm;complete;N/A;Estudiantes Caseros W;Ferro Carril Oeste Women;N/A;3;0.00;0.00;1.55;0.27;0;3;3;1;0;1;;28,65,84;2;4;4;0;2;0;2;2;1;1;12;7;5;5;7;2;-1;-1;50;50;0.00;1.16;1.53;1.20;1.00;0;50;0;0;0;50;50;0;0;4.00;1.00;0.00;0.00;0.00;0.00;0.00;0.00;0.00;0.00;0.00;Estadio Ciudad de Caseros (Caseros- Provincia de Buenos Aires)
1679058000;Mar 17 2023 - 1:00pm;complete;N/A;UAI Urquiza Women;Platense Women;N/A;4;3.00;1.00;2.23;1.30;0;0;0;0;0;0;;;5;2;-1;-1;-1;-1;-1;-1;-1;-1;15;11;3;6;12;5;-1;-1;50;50;1.80;0.96;1.71;1.48;3.25;50;100;50;50;25;75;100;50;50;9.00;3.00;0.00;0.00;0.00;0.00;0.00;0.00;0.00;0.00;0.00;Estadio Monumental de Villa Lynch (General San MartÇðn- Provincia de Buenos Aires)
1679077800;Mar 17 2023 - 6:30pm;complete;N/A;SAT W;Defensores de Belgrano W;N/A;4;1.00;0.00;0.73;0.00;3;0;3;2;2;0;19,25,85;;1;6;1;0;3;0;0;1;1;2;10;9;7;3;3;6;-1;-1;50;50;1.19;0.52;1.50;1.16;2.00;50;100;0;0;0;50;100;0;50;7.00;7.00;0.00;0.00;0.00;0.00;0.00;0.00;0.00;0.00;0.00;Camping Moreno SATSAID (Moreno- Provincia de Buenos Aires)
1679164200;Mar 18 2023 - 6:30pm;complete;N/A;Independiente Women;Estudiantes Caseros W;N/A;4;3.00;0.50;2.00;0.91;2;0;2;0;0;0;68,87;;5;2;2;0;0;0;1;1;0;0;12;8;4;0;8;8;-1;-1;50;50;1.37;1.42;1.52;0.98;0.75;0;0;0;0;0;0;25;0;50;6.00;7.00;0.00;0.00;0.00;0.00;0.00;0.00;0.00;0.00;0.00;Predio Independiente - Complejo Santo Domingo (Avellaneda- Provincia de Buenos Aires)
1679164200;Mar 18 2023 - 6:30pm;complete;N/A;Boca Juniors Women;Belgrano W;N/A;4;3.00;1.00;3.00;1.00;1;0;1;0;0;0;81;;3;2;2;0;3;0;0;2;1;2;15;9;6;2;9;7;-1;-1;50;50;1.32;0.00;2.03;1.03;1.50;0;50;50;0;0;0;0;50;50;17.00;2.00;0.00;0.00;0.00;0.00;0.00;0.00;0.00;0.00;0.00;Complejo Casa Amarilla Pedro Pompilio (Ciudad de Buenos Aires)
1679166000;Mar 18 2023 - 7:00pm;complete;N/A;Rosario Central W;River Plate Women;N/A;4;1.00;0.00;1.89;1.44;3;0;3;2;2;0;18,39,76;;1;5;3;0;4;0;2;1;1;3;9;12;7;6;2;6;-1;-1;50;50;0.00;1.60;1.40;1.75;0.50;0;0;0;0;0;0;0;0;50;10.00;2.00;0.00;0.00;0.00;0.00;0.00;0.00;0.00;0.00;0.00;Estadio Gigante de Arroyito (Rosario- Provincia de Santa Fe)
1679166000;Mar 18 2023 - 7:00pm;complete;N/A;San Lorenzo Women;HuracÇ­n Women;N/A;4;3.00;0.00;1.82;0.64;0;0;0;0;0;0;;;4;4;-1;-1;-1;-1;-1;-1;-1;-1;5;9;0;3;5;6;-1;-1;50;50;2.28;0.00;0.62;1.17;1.00;0;50;0;0;0;0;50;0;50;4.00;1.00;0.00;0.00;0.00;0.00;0.00;0.00;0.00;0.00;0.00;Cancha Auxiliar San Lorenzo (Capital Federal- Ciudad de Buenos Aires)
1679234400;Mar 19 2023 - 2:00pm;complete;N/A;Ferro Carril Oeste Women;Estudiantes La Plata Women;N/A;4;3.00;2.00;1.91;0.75;5;1;6;5;5;0;12,15,36,37,44;75;1;3;2;0;2;1;1;1;1;2;14;11;10;7;4;4;-1;-1;50;50;2.11;1.32;1.93;1.57;3.75;50;100;100;75;0;25;75;75;100;4.00;6.00;0.00;0.00;0.00;0.00;0.00;0.00;0.00;0.00;0.00;Predio RaÇ§l Florentino Di Carlo (Pontevedra)
1679248800;Mar 19 2023 - 6:00pm;complete;N/A;Banfield W;Racing Club Women;N/A;4;3.00;0.00;0.89;1.90;0;1;1;0;0;0;;50;5;2;1;1;4;0;0;2;0;4;6;7;4;2;2;5;8;11;50;50;0.00;0.41;1.03;0.92;2.00;0;50;50;0;0;0;0;50;50;4.00;5.00;0.00;0.00;0.00;0.00;0.00;0.00;0.00;0.00;0.00;Estadio Florencio SolÇ­ (Lomas de Zamora- Provincia de Buenos Aires)
1679337000;Mar 20 2023 - 6:30pm;complete;N/A;Excursionistas Women;El Porvenir Women;N/A;4;0.00;0.00;1.80;0.40;1;0;1;1;1;0;37;;5;5;1;1;3;2;1;1;0;5;14;9;9;6;5;3;-1;-1;50;50;0.00;1.49;1.89;1.43;2.00;0;50;50;50;0;0;50;50;50;8.00;4.00;0.00;0.00;0.00;0.00;0.00;0.00;0.00;0.00;0.00;Estadio de Excursionistas (Capital Federal- Ciudad de Buenos Aires)
1679338800;Mar 20 2023 - 7:00pm;complete;N/A;Gimnasia La Plata W;LanÇ§s Women;N/A;4;0.50;0.00;1.27;0.30;4;2;6;2;2;0;14,20,55,9001;57,75;7;5;0;0;2;1;0;0;0;3;17;10;6;4;11;6;-1;-1;50;50;0.98;0.60;2.06;1.29;2.75;0;50;50;50;50;50;75;50;50;5.00;6.00;0.00;0.00;0.00;0.00;0.00;0.00;0.00;0.00;0.00;Estadio Juan Carmelo Zerillo (La Plata- Provincia de Buenos Aires)
1679760000;Mar 25 2023 - 4:00pm;complete;N/A;Huracan Women;Boca Juniors Women;N/A;5;2.00;2.00;1.91;2.25;0;0;0;0;0;0;;;1;5;0;0;0;0;0;0;0;0;10;6;3;2;7;4;12;12;50;50;1.33;1.64;1.15;0.82;1.50;50;50;0;0;0;0;75;25;50;9.50;4.50;0.00;0.00;0.00;0.00;0.00;0.00;0.00;0.00;0.00;Estadio TomÇ­s Adolfo DucÇü (Capital Federal- Ciudad de Buenos Aires)
1679769000;Mar 25 2023 - 6:30pm;complete;N/A;Platense Women;Gimnasia La Plata W;N/A;5;2.00;0.00;2.50;0.82;2;1;3;1;1;0;18,88;77;6;2;0;0;1;0;0;0;1;0;4;6;3;3;1;3;-1;-1;48;52;1.59;0.00;0.95;0.98;1.25;25;25;0;0;0;0;25;25;25;7.50;1.50;0.00;0.00;0.00;0.00;0.00;0.00;0.00;0.00;0.00;Estadio Ciudad de Vicente LÇüpez (Vicente LÇüpez- Provincia de Buenos Aires)
1679839800;Mar 26 2023 - 2:10pm;complete;N/A;Defensores de Belgrano W;Banfield W;N/A;5;0.00;0.00;0.73;1.58;1;2;3;1;0;1;53;21,89;3;3;0;0;3;1;0;0;0;4;11;15;6;8;5;7;-1;-1;50;50;0.79;1.30;1.64;2.16;3.25;25;50;50;50;25;25;100;50;50;5.50;4.50;0.00;0.00;0.00;0.00;0.00;0.00;0.00;0.00;0.00;Estadio Juan Pasquale (Capital Federal- Ciudad de Buenos Aires)
1679855400;Mar 26 2023 - 6:30pm;complete;N/A;River Plate Women;San Lorenzo Women;N/A;5;3.00;3.00;2.30;1.50;1;1;2;0;0;0;57;61;1;5;3;0;0;0;1;2;0;0;7;9;4;4;3;5;-1;-1;50;50;1.80;1.68;1.09;1.34;2.75;50;100;75;0;0;50;100;50;75;9.00;4.50;0.00;0.00;0.00;0.00;0.00;0.00;0.00;0.00;0.00;Estadio MÇ½s Monumental (Capital Federal- Ciudad de Buenos Aires)
1679864400;Mar 26 2023 - 9:00pm;complete;N/A;Racing Club Women;UAI Urquiza Women;N/A;5;1.50;3.00;1.75;2.80;0;1;1;1;0;1;;42;2;6;3;0;3;0;0;3;2;1;4;11;4;4;0;7;-1;-1;50;50;1.39;1.83;1.06;1.46;1.50;25;25;25;0;0;0;100;25;25;10.00;6.50;0.00;0.00;0.00;0.00;0.00;0.00;0.00;0.00;0.00;Estadio Presidente Juan Domingo PerÇün (Avellaneda- Provincia de Buenos Aires)
1679932800;Mar 27 2023 - 4:00pm;complete;N/A;Lanus Women;Ferro Carril Oeste Women;N/A;5;0.50;1.50;0.67;0.27;1;0;1;0;0;0;64;;2;3;5;0;4;0;2;3;3;1;11;10;5;3;6;7;-1;-1;50;50;0.83;1.18;1.60;1.29;2.00;25;75;50;0;0;50;75;25;50;5.50;3.50;0.00;0.00;0.00;0.00;0.00;0.00;0.00;0.00;0.00;Predio LanÇ§s Auxiliar (ValentÇðn Alsina- Provincia de Buenos Aires)
1679943600;Mar 27 2023 - 7:00pm;complete;N/A;Belgrano W;SAT W;N/A;5;1.50;0.50;1.73;1.36;4;0;4;2;2;0;19,21,46,81;;6;0;1;0;3;0;0;1;2;1;16;9;10;3;6;6;-1;-1;50;50;1.01;1.38;2.16;1.09;1.75;25;50;50;0;0;0;50;25;25;5.50;5.00;0.00;0.00;0.00;0.00;0.00;0.00;0.00;0.00;0.00;Predio Armando PÇ¸rez (CÇürdoba- Provincia de CÇürdoba)
1680019200;Mar 28 2023 - 4:00pm;complete;N/A;El Porvenir Women;Rosario Central W;N/A;5;0.50;2.00;1.00;2.25;0;1;1;0;0;0;;52;5;5;2;0;4;0;1;1;2;2;3;8;0;7;3;1;-1;-1;50;50;1.04;1.69;0.73;1.61;3.50;75;75;50;50;25;25;50;50;100;5.50;4.50;0.00;0.00;0.00;0.00;0.00;0.00;0.00;0.00;0.00;Estadio Gildo Francisco Ghersinich (Gerli- Provincia de Buenos Aires)
1680019200;Mar 28 2023 - 4:00pm;complete;N/A;Estudiantes Caseros W;Excursionistas Women;N/A;5;0.00;0.00;1.55;0.83;2;2;4;1;0;1;79,86;34,7;3;6;1;0;3;0;1;0;0;3;14;8;6;7;8;1;-1;-1;50;50;1.53;1.22;1.94;1.44;3.00;50;100;100;0;0;25;75;50;75;2.50;5.00;0.00;0.00;0.00;0.00;0.00;0.00;0.00;0.00;0.00;Predio MartÇðn Coronado (MartÇðn Coronado- Provincia de Buenos Aires)
1680028200;Mar 28 2023 - 6:30pm;complete;N/A;Estudiantes La Plata Women;Independiente Women;N/A;5;3.00;1.50;0.60;1.27;1;1;2;0;0;0;68;9005;1;6;5;1;5;0;3;3;2;3;11;12;5;8;6;4;-1;-1;50;50;1.03;1.82;1.53;1.96;1.00;0;0;0;0;0;0;75;0;25;8.50;14.50;0.00;0.00;0.00;0.00;0.00;0.00;0.00;0.00;0.00;Country Club de Estudiantes de La Plata (La Plata- Provincia de Buenos Aires)
1680267600;Mar 31 2023 - 1:00pm;complete;N/A;UAI Urquiza Women;Defensores de Belgrano W;N/A;6;2.33;0.00;2.23;0.00;3;0;3;1;1;0;37,54,62;;13;2;1;0;1;0;0;1;0;1;20;2;11;0;9;2;-1;-1;50;50;1.77;0.84;2.54;0.27;2.75;0;84;59;34;17;42;84;34;84;11.00;4.00;0.00;0.00;0.00;0.00;0.00;0.00;0.00;0.00;0.00;Estadio Monumental de Villa Lynch (General San MartÇðn- Provincia de Buenos Aires)
1680287400;Mar 31 2023 - 6:30pm;complete;N/A;Banfield W;Belgrano W;N/A;6;1.50;0.50;0.89;1.00;0;1;1;0;0;0;;77;5;3;1;0;0;0;0;1;0;0;6;8;4;4;2;4;-1;-1;50;50;1.03;1.03;1.27;1.38;0.75;0;0;0;0;0;0;0;0;50;11.00;6.00;0.00;0.00;0.00;0.00;0.00;0.00;0.00;0.00;0.00;Estadio Florencio SolÇ­ (Lomas de Zamora- Provincia de Buenos Aires)
1680364800;Apr 01 2023 - 4:00pm;complete;N/A;Excursionistas Women;Estudiantes La Plata Women;N/A;6;3.00;1.33;1.80;0.75;2;1;3;3;2;1;43,4501;36;3;9;2;0;5;0;0;2;3;2;8;7;5;6;3;1;-1;-1;50;50;1.89;1.40;1.36;1.46;2.67;50;50;50;34;17;34;84;17;50;8.00;7.00;0.00;0.00;0.00;0.00;0.00;0.00;0.00;0.00;0.00;Estadio de Excursionistas (Capital Federal- Ciudad de Buenos Aires)
1680444000;Apr 02 2023 - 2:00pm;complete;N/A;Platense Women;LanÇ§s Women;N/A;6;2.33;0.00;2.50;0.30;2;0;2;0;0;0;52,9;;5;4;3;0;2;0;3;0;1;1;14;3;6;2;8;1;-1;-1;50;50;1.37;0.94;1.92;0.83;3.75;59;84;67;50;50;50;84;84;84;7.67;5.00;1.71;4.00;4.30;0.00;1.66;0.00;0.00;0.00;0.00;Estadio Ciudad de Vicente LÇüpez (Vicente LÇüpez- Provincia de Buenos Aires)
1680444000;Apr 02 2023 - 2:00pm;complete;N/A;San Lorenzo Women;El Porvenir Women;N/A;6;2.00;0.00;1.82;0.40;5;0;5;4;4;0;2,10,31,45,81;;3;4;2;0;3;0;1;1;1;2;21;7;11;2;10;5;-1;-1;50;50;1.45;1.46;2.61;0.94;1.75;0;50;25;25;0;0;75;25;50;10.50;6.50;1.13;7.00;11.90;0.00;1.39;2.16;0.00;0.00;0.00;Cancha Auxiliar San Lorenzo (Capital Federal- Ciudad de Buenos Aires)
1680451200;Apr 02 2023 - 4:00pm;complete;N/A;Gimnasia La Plata W;Racing Club Women;N/A;6;1.33;1.50;1.27;1.90;0;0;0;0;0;0;;;0;3;-1;-1;-1;-1;-1;-1;-1;-1;7;9;3;3;4;6;-1;-1;48;52;1.34;0.67;1.02;1.14;2.17;17;42;42;17;17;17;34;42;67;4.67;5.50;5.20;3.60;1.68;0.00;2.05;0.00;0.00;0.00;0.00;Estancia Chica Club de Gimnasia y Esgrima La Plata (Abasto- Provincia de Buenos Aires)
1680451200;Apr 02 2023 - 4:00pm;complete;N/A;Rosario Central W;Estudiantes Caseros W;N/A;6;2.00;0.33;1.89;0.91;2;1;3;1;1;0;21,84;70;4;12;1;0;1;0;0;1;1;0;11;10;6;7;5;3;-1;-1;50;50;1.40;1.27;1.59;1.61;1.25;0;42;25;0;0;25;42;17;42;5.33;5.50;1.36;4.90;7.60;0.00;1.64;0.00;0.00;0.00;0.00;Estadio Gigante de Arroyito (Rosario- Provincia de Santa Fe)
1680458400;Apr 02 2023 - 6:00pm;complete;N/A;Boca Juniors Women;River Plate Women;N/A;6;3.00;0.00;3.00;1.44;3;0;3;1;1;0;31,56,9002;;6;5;2;0;2;0;0;2;0;2;9;6;6;0;3;6;-1;-1;50;50;1.68;1.68;1.42;0.64;2.00;0;50;50;0;0;25;25;25;100;10.50;5.00;1.54;4.30;5.40;0.00;1.72;2.28;0.00;0.00;0.00;Estadio Alberto JosÇ¸ Armando (Ciudad de Buenos Aires)
1680544800;Apr 03 2023 - 6:00pm;complete;N/A;SAT W;HuracÇ­n Women;N/A;6;2.00;1.00;0.73;0.64;1;1;2;1;0;1;70;43;4;3;4;0;6;1;1;3;2;5;5;14;3;7;2;7;-1;-1;50;50;1.34;1.17;1.00;1.90;1.25;25;50;25;0;0;50;50;0;25;7.00;2.50;3.10;3.20;2.15;0.00;1.95;0.00;0.00;0.00;0.00;Camping Moreno SATSAID (Moreno- Provincia de Buenos Aires)
1680546600;Apr 03 2023 - 6:30pm;complete;N/A;Independiente Women;Ferro Carril Oeste Women;N/A;6;3.00;1.00;2.00;0.27;4;0;4;1;1;0;38,80,9001,9005;;3;4;3;0;2;0;2;1;1;1;9;4;7;3;2;1;-1;-1;50;50;1.44;1.22;1.31;0.67;1.75;0;59;17;0;0;17;34;42;84;7.17;4.33;1.83;3.40;3.60;0.00;1.61;0.00;0.00;0.00;0.00;Predio Independiente - Complejo Santo Domingo (Avellaneda- Provincia de Buenos Aires)
1681495200;Apr 14 2023 - 6:00pm;complete;N/A;Huracan Women;Banfield W;N/A;7;1.67;1.00;1.91;1.58;2;0;2;1;1;0;8,7;;6;6;4;0;3;1;2;2;1;3;10;7;6;3;4;4;-1;-1;50;50;1.27;1.59;1.61;1.10;1.84;33;50;34;17;0;0;84;34;50;5.67;5.67;1.69;3.35;4.55;0.00;2.13;0.00;0.00;0.00;0.00;Predio La Quemita (Capital Federal- Ciudad de Buenos Aires)
1681575300;Apr 15 2023 - 4:15pm;complete;N/A;Lanus Women;Independiente Women;N/A;7;1.33;1.33;0.67;1.27;1;3;4;3;0;3;69;29,45,4501;8;0;1;0;1;0;1;0;1;0;14;16;7;9;7;7;-1;-1;50;50;1.09;1.87;1.87;2.08;1.33;33;33;17;0;0;17;33;17;67;8.67;7.50;5.20;4.00;1.51;0.00;2.20;0.00;0.00;0.00;0.00;Predio LanÇ§s Auxiliar (ValentÇðn Alsina- Provincia de Buenos Aires)
1681582200;Apr 15 2023 - 6:10pm;complete;N/A;River Plate Women;SAT W;N/A;7;2.33;0.33;2.30;1.36;3;0;3;3;3;0;10,16,27;;7;0;4;0;2;0;1;3;0;2;20;5;6;2;14;3;-1;-1;50;50;1.56;1.28;2.13;0.72;2.00;34;67;33;17;0;50;67;33;50;6.67;6.00;1.13;9.00;13.00;0.00;1.32;1.90;0.00;0.00;0.00;Polideportivo CA River Plate (Predio Ezeiza) (Ezeiza- Provincia de Buenos Aires)
1681653600;Apr 16 2023 - 2:00pm;complete;N/A;Defensores de Belgrano W;Gimnasia La Plata W;N/A;7;0.00;0.00;0.73;0.82;0;2;2;0;0;0;;66,74;1;8;3;0;2;0;2;1;0;2;6;10;0;3;6;7;-1;-1;51;49;1.07;0.98;0.67;1.28;2.84;59;59;59;17;17;17;75;59;59;6.50;2.00;5.67;3.90;1.52;0.00;1.71;0.00;0.00;0.00;0.00;Estadio Juan Pasquale (Capital Federal- Ciudad de Buenos Aires)
1681660800;Apr 16 2023 - 4:00pm;complete;N/A;Estudiantes La Plata Women;Rosario Central W;N/A;7;2.00;2.33;0.60;2.25;1;1;2;1;1;0;39;50;4;3;3;1;2;0;2;2;1;1;4;13;3;7;1;6;-1;-1;50;50;1.28;1.66;0.97;1.86;2.42;59;59;17;17;17;17;59;42;75;5.33;12.00;3.98;3.26;1.88;0.00;2.01;0.00;0.00;0.00;0.00;Country Club de Estudiantes de La Plata (La Plata- Provincia de Buenos Aires)
1681660800;Apr 16 2023 - 4:00pm;complete;N/A;Ferro Carril Oeste Women;Excursionistas Women;N/A;7;3.00;0.33;1.91;0.83;2;0;2;0;0;0;54,66;;4;4;3;0;2;1;0;3;2;1;10;9;5;4;5;5;-1;-1;50;50;2.02;1.33;1.50;1.38;4.17;75;100;100;67;25;42;84;42;84;3.33;4.00;1.97;3.44;3.40;0.00;1.72;0.00;0.00;0.00;0.00;Predio RaÇ§l Florentino Di Carlo (Pontevedra)
1681668000;Apr 16 2023 - 6:00pm;complete;N/A;El Porvenir Women;Boca Juniors Women;N/A;7;0.33;1.67;1.00;2.25;0;3;3;2;0;2;;10,21,67;0;6;1;0;3;0;0;1;2;1;4;20;3;9;1;11;-1;-1;50;50;0.93;1.37;0.70;2.45;1.50;33;33;17;17;0;0;17;33;67;8.00;3.00;19.00;8.50;1.09;0.00;1.40;2.15;0.00;0.00;0.00;Estadio Gildo Francisco Ghersinich (Gerli- Provincia de Buenos Aires)
1681754400;Apr 17 2023 - 6:00pm;complete;N/A;Belgrano W;UAI Urquiza Women;N/A;7;2.00;3.00;1.73;2.80;2;3;5;2;0;2;66,76;15,4502,9001;3;8;4;0;4;0;1;3;1;3;8;16;5;8;3;8;-1;-1;50;50;1.58;1.64;1.13;2.00;2.17;17;50;50;17;0;17;84;34;34;10.17;3.00;6.00;4.25;1.40;0.00;1.55;0.00;0.00;0.00;0.00;Estadio Julio CÇ¸sar Villagra (Ciudad de CÇürdoba- Provincia de CÇürdoba)
1681833600;Apr 18 2023 - 4:00pm;complete;N/A;Estudiantes Caseros W;San Lorenzo Women;N/A;7;0.50;2.33;1.55;1.50;1;2;3;3;1;2;37;10,2;1;2;1;0;0;0;0;1;0;0;7;11;3;7;4;4;-1;-1;50;50;1.73;1.57;1.04;1.67;3.09;59;100;84;25;0;0;84;100;100;5.83;4.00;5.45;4.35;1.44;0.00;1.37;2.10;5.00;0.00;0.00;Predio MartÇðn Coronado (MartÇðn Coronado- Provincia de Buenos Aires)
1681840800;Apr 18 2023 - 6:00pm;complete;N/A;Racing Club Women;Platense Women;N/A;7;1.00;1.00;1.75;1.30;0;1;1;0;0;0;;48;5;5;3;2;4;0;0;5;1;3;6;6;2;2;4;4;-1;-1;50;50;1.28;1.22;1.09;0.96;1.34;42;42;17;0;0;25;75;17;17;4.17;6.67;1.77;3.88;3.88;0.00;1.60;2.20;0.00;0.00;0.00;Tita Mattiusi Predio Racing Club (SarandÇð- Provincia de Buenos Aires)
1682082000;Apr 21 2023 - 1:00pm;complete;N/A;SAT W;El Porvenir Women;N/A;8;1.67;0.00;0.73;0.40;0;1;1;0;0;0;;58;4;4;2;0;3;0;1;1;2;1;6;6;2;4;4;2;-1;-1;50;50;1.23;1.29;0.94;1.19;2.83;34;84;50;34;17;50;100;17;67;9.00;7.67;1.43;4.20;5.80;0.00;1.59;0.00;0.00;0.00;0.00;Camping Moreno SATSAID (Moreno- Provincia de Buenos Aires)
1682179200;Apr 22 2023 - 4:00pm;complete;N/A;Platense Women;Defensores de Belgrano W;N/A;8;2.50;0.00;2.50;0.00;2;0;2;1;1;0;11,73;;10;0;2;0;4;1;0;2;3;2;17;4;9;3;8;1;-1;-1;50;50;1.51;0.65;2.20;0.76;2.34;25;88;46;0;0;17;75;54;88;7.33;3.83;1.19;6.15;12.50;0.00;1.54;0.00;0.00;0.00;0.00;Camping Moreno SATSAID (Moreno- Provincia de Buenos Aires)
1682179200;Apr 22 2023 - 4:00pm;complete;N/A;Excursionistas Women;Independiente Women;N/A;8;3.00;1.75;1.80;1.27;0;1;1;1;0;1;;4501;2;3;2;0;2;0;0;2;2;0;10;10;9;3;1;7;-1;-1;50;50;1.62;1.92;1.75;1.37;2.00;50;50;38;13;0;38;75;13;38;9.25;5.75;5.35;4.14;1.53;0.00;1.59;0.00;0.00;0.00;0.00;Estadio de Excursionistas (Capital Federal- Ciudad de Buenos Aires)
1682179200;Apr 22 2023 - 4:00pm;complete;N/A;Gimnasia La Plata W;Belgrano W;N/A;8;1.25;1.33;1.27;1.00;0;1;1;1;0;1;;19;4;4;3;0;4;0;2;1;2;2;8;10;3;3;5;7;-1;-1;49;51;1.26;1.20;1.14;1.36;1.21;13;13;13;13;13;13;25;13;46;8.08;2.50;2.90;3.20;2.25;0.00;1.70;0.00;0.00;0.00;0.00;Estadio Juan Carmelo Zerillo (La Plata- Provincia de Buenos Aires)
1682188200;Apr 22 2023 - 6:30pm;complete;N/A;Boca Juniors Women;Estudiantes Caseros W;N/A;8;3.00;0.25;3.00;0.91;2;0;2;2;2;0;9,24;;12;8;0;0;2;0;0;0;0;2;14;8;5;4;9;4;-1;-1;50;50;1.59;1.36;1.88;1.24;1.92;13;59;46;0;0;0;42;59;75;10.50;4.00;1.05;11.00;26.00;0.00;1.27;1.62;0.00;0.00;0.00;Complejo Casa Amarilla Pedro Pompilio (Ciudad de Buenos Aires)
1682258400;Apr 23 2023 - 2:00pm;complete;N/A;San Lorenzo Women;Estudiantes La Plata Women;N/A;8;2.33;1.00;1.82;0.75;3;0;3;1;1;0;5,61,80;;5;3;2;0;2;0;1;1;0;2;13;3;8;2;5;1;-1;-1;50;50;1.84;1.42;2.15;0.70;3.17;50;84;67;42;29;54;71;13;71;8.17;5.75;1.32;5.15;7.80;0.00;1.57;2.22;0.00;0.00;0.00;Cancha Auxiliar San Lorenzo (Capital Federal- Ciudad de Buenos Aires)
1682265600;Apr 23 2023 - 4:00pm;complete;N/A;Racing Club Women;LanÇ§s Women;N/A;8;0.75;0.00;1.75;0.30;5;0;5;2;2;0;38,40,64,83,88;;2;3;2;0;2;0;0;2;1;1;10;4;8;3;2;1;-1;-1;50;50;1.23;0.91;1.67;0.82;2.92;29;63;46;34;34;34;71;63;75;7.25;8.58;1.36;4.50;7.00;0.00;1.80;0.00;0.00;0.00;0.00;Tita Mattiusi Predio Racing Club (SarandÇð- Provincia de Buenos Aires)
1682272800;Apr 23 2023 - 6:00pm;complete;N/A;Banfield W;River Plate Women;N/A;8;1.00;0.00;0.89;1.44;0;0;0;0;0;0;;;2;6;-1;-1;-1;-1;-1;-1;-1;-1;12;12;8;6;4;6;-1;-1;50;50;1.15;1.33;1.59;1.74;1.67;0;34;34;0;0;17;34;17;84;10.34;4.67;6.95;4.50;1.40;0.00;1.74;0.00;0.00;0.00;0.00;Estadio Florencio SolÇ­ (Lomas de Zamora- Provincia de Buenos Aires)
1682352000;Apr 24 2023 - 4:00pm;complete;N/A;Rosario Central W;Ferro Carril Oeste Women;N/A;8;2.33;0.75;1.89;0.27;2;0;2;1;1;0;11,83;;9;2;3;0;3;0;1;2;1;2;12;8;7;4;5;4;-1;-1;50;50;1.49;1.08;1.69;1.17;2.25;17;71;59;13;0;29;71;42;71;6.42;4.25;1.82;3.50;3.60;0.00;1.74;0.00;0.00;0.00;0.00;Estadio Gigante de Arroyito (Rosario- Provincia de Santa Fe)
1682359800;Apr 24 2023 - 6:10pm;complete;N/A;UAI Urquiza Women;HuracÇ­n Women;N/A;8;2.50;1.00;2.23;0.64;1;1;2;1;0;1;60;22;4;3;3;0;3;0;2;1;2;1;11;7;8;4;3;3;12;16;50;50;1.96;1.54;1.70;1.15;2.00;25;63;38;25;13;13;63;38;63;12.00;9.00;1.14;7.60;17.00;0.00;1.54;2.31;0.00;0.00;0.00;Estadio Monumental de Villa Lynch (General San MartÇðn- Provincia de Buenos Aires)
1682697600;Apr 28 2023 - 4:00pm;complete;N/A;Lanus Women;Excursionistas Women;N/A;9;1.00;0.25;0.67;0.83;0;1;1;0;0;0;;79;6;1;5;0;3;0;2;3;0;3;2;5;0;3;2;2;-1;-1;50;50;1.28;1.35;0.32;0.72;2.50;63;75;63;25;0;38;50;25;75;6.00;5.34;3.30;3.50;2.04;0.00;1.78;0.00;0.00;0.00;0.00;Predio LanÇ§s Auxiliar (ValentÇðn Alsina- Provincia de Buenos Aires)
1682705400;Apr 28 2023 - 6:10pm;complete;N/A;Independiente Women;Rosario Central W;N/A;9;3.00;2.00;2.00;2.25;0;2;2;1;0;1;;42,72;4;7;2;0;4;0;0;2;2;2;11;11;5;6;6;5;-1;-1;50;50;1.40;1.71;1.53;1.55;2.67;38;71;29;29;13;13;54;46;100;7.33;5.08;1.88;3.14;3.72;0.00;1.83;0.00;0.00;0.00;0.00;Predio Independiente - Complejo Santo Domingo (Avellaneda- Provincia de Buenos Aires)
1682773800;Apr 29 2023 - 1:10pm;complete;N/A;Defensores de Belgrano W;Racing Club Women;N/A;9;0.00;1.33;0.73;1.90;0;11;11;5;0;5;;2,15,19,23,28,60,66,69,72,86,88;6;5;3;0;0;0;0;3;0;0;7;26;0;16;7;10;-1;-1;50;50;0.97;0.83;0.67;3.16;2.29;25;54;42;13;13;13;38;54;71;4.17;6.00;8.40;4.50;1.31;0.00;1.53;0.00;0.00;0.00;0.00;Estadio Juan Pasquale (Capital Federal- Ciudad de Buenos Aires)
1682788200;Apr 29 2023 - 5:10pm;complete;N/A;Huracan Women;Gimnasia La Plata W;N/A;9;2.00;1.00;1.91;0.82;1;0;1;1;1;0;23;;6;0;2;0;3;1;0;2;1;3;3;4;2;2;1;2;-1;-1;49;51;1.35;1.13;0.59;0.50;1.63;29;59;17;0;0;0;54;34;59;8.75;4.00;1.44;4.00;5.75;0.00;1.68;0.00;0.00;0.00;0.00;Estadio TomÇ­s Adolfo DucÇü (Capital Federal- Ciudad de Buenos Aires)
1682793000;Apr 29 2023 - 6:30pm;complete;N/A;Belgrano W;Platense Women;N/A;9;1.50;1.67;1.73;1.30;0;1;1;0;0;0;;76;8;6;4;0;7;1;2;2;2;6;13;9;10;4;3;5;-1;-1;50;50;1.43;1.13;2.02;1.19;2.38;42;67;50;25;13;42;54;38;54;6.17;5.50;2.00;3.20;3.20;0.00;2.28;0.00;0.00;0.00;0.00;Predio C. A. Racing (Ciudad de CÇürdoba- Provincia de CÇürdoba)
1682877600;Apr 30 2023 - 6:00pm;complete;N/A;Estudiantes La Plata Women;Boca Juniors Women;N/A;9;1.67;2.00;0.60;2.25;0;4;4;3;0;3;;22,26,30,81;1;7;1;0;0;0;0;1;0;0;2;16;2;12;0;4;-1;-1;50;50;1.18;1.64;0.55;2.58;1.59;46;59;13;0;0;13;59;29;59;7.50;9.17;10.00;6.40;1.23;0.00;1.42;2.30;3.48;0.00;0.00;Country Club de Estudiantes de La Plata (La Plata- Provincia de Buenos Aires)
1682877600;Apr 30 2023 - 6:00pm;complete;N/A;El Porvenir Women;Banfield W;N/A;9;0.25;0.75;1.00;1.58;1;4;5;1;1;0;5;56,72,85,9003;2;6;2;0;0;0;2;0;0;0;5;20;3;9;2;11;-1;-1;50;50;0.87;1.46;0.81;2.48;2.38;25;63;50;25;0;13;63;38;88;5.50;5.75;3.30;3.70;2.00;0.00;1.90;0.00;0.00;0.00;0.00;Estadio Gildo Francisco Ghersinich (Gerli- Provincia de Buenos Aires)
1683036600;May 02 2023 - 2:10pm;complete;N/A;Ferro Carril Oeste Women;San Lorenzo Women;N/A;9;3.00;2.50;1.91;1.50;0;0;0;0;0;0;;;2;6;-1;-1;-1;-1;-1;-1;-1;-1;9;21;3;5;6;16;-1;-1;50;50;1.85;1.59;1.10;2.31;3.38;54;100;71;34;17;29;71;71;88;5.00;3.33;4.31;3.83;1.60;0.00;1.44;2.23;0.00;0.00;0.00;Estadio Arquitecto Ricardo Etcheverry (Capital Federal- Ciudad de Buenos Aires)
1683043200;May 02 2023 - 4:00pm;complete;N/A;Estudiantes Caseros W;SAT W;N/A;9;0.33;0.25;1.55;1.36;1;2;3;2;1;1;42;36,68;4;1;4;1;1;1;2;3;0;2;7;10;3;5;4;5;-1;-1;50;50;1.50;1.14;1.37;1.53;2.67;34;75;75;29;0;42;88;46;46;3.50;5.33;2.11;3.36;2.88;0.00;1.72;0.00;0.00;0.00;0.00;Predio MartÇðn Coronado (MartÇðn Coronado- Provincia de Buenos Aires)
1683051000;May 02 2023 - 6:10pm;complete;N/A;River Plate Women;UAI Urquiza Women;N/A;9;2.50;3.00;2.30;2.80;1;1;2;1;1;0;26;65;2;1;6;0;2;0;2;4;0;2;11;10;8;5;3;5;-1;-1;50;50;1.70;1.76;1.81;1.51;2.42;42;67;42;17;17;54;88;29;42;12.25;5.17;2.85;3.55;2.03;0.00;1.67;2.35;0.00;0.00;0.00;Polideportivo CA River Plate (Predio Ezeiza) (Ezeiza- Provincia de Buenos Aires)
1683302400;May 05 2023 - 4:00pm;complete;N/A;Racing Club Women;Belgrano W;N/A;10;1.20;1.75;1.75;1.00;1;0;1;0;0;0;90;;3;4;5;0;1;0;1;4;1;0;8;12;4;7;4;5;-1;-1;50;50;1.32;1.26;1.29;1.81;1.48;10;20;20;10;10;10;53;20;55;8.00;6.93;1.91;3.15;3.58;0.00;2.19;0.00;0.00;0.00;0.00;Tita Mattiusi Predio Racing Club (SarandÇð- Provincia de Buenos Aires)
1683309600;May 05 2023 - 6:00pm;complete;N/A;Boca Juniors Women;Ferro Carril Oeste Women;N/A;10;3.00;0.60;3.00;0.27;1;0;1;0;0;0;60;;6;2;3;0;2;0;1;2;1;1;14;2;5;2;9;0;-1;-1;50;50;1.66;1.10;2.05;0.54;2.33;0;78;45;10;0;23;65;45;78;10.15;3.90;1.17;6.50;12.00;0.00;1.35;2.10;0.00;0.00;0.00;Complejo Casa Amarilla Pedro Pompilio (Ciudad de Buenos Aires)
1683388800;May 06 2023 - 4:00pm;complete;N/A;Gimnasia La Plata W;River Plate Women;N/A;10;1.00;0.25;1.27;1.44;0;3;3;1;0;1;;26,62,76;2;4;3;0;1;1;1;2;0;2;7;16;5;9;2;7;-1;-1;51;49;1.24;1.43;1.14;2.23;1.68;10;35;35;10;10;23;55;23;48;8.75;4.34;4.77;3.79;1.57;0.00;1.77;0.00;0.00;0.00;0.00;Estadio Juan Carmelo Zerillo (La Plata- Provincia de Buenos Aires)
1683388800;May 06 2023 - 4:00pm;complete;N/A;SAT W;Estudiantes La Plata Women;N/A;10;1.25;0.80;0.73;0.75;0;0;0;0;0;0;;;2;7;-1;-1;-1;-1;-1;-1;-1;-1;12;11;6;2;6;9;-1;-1;50;50;1.16;1.28;1.69;1.40;2.90;65;88;63;20;10;55;78;20;78;7.70;6.55;2.47;3.08;2.56;0.00;1.85;0.00;0.00;0.00;0.00;Camping Moreno SATSAID (Moreno- Provincia de Buenos Aires)
1683396000;May 06 2023 - 6:00pm;complete;N/A;Platense Women;HuracÇ­n Women;N/A;10;2.60;1.00;2.50;0.64;2;0;2;2;2;0;23,42;;1;4;3;0;2;0;1;2;1;1;4;3;4;0;0;3;-1;-1;50;50;1.65;1.41;0.62;0.47;1.67;54;74;10;0;0;0;64;30;74;8.53;7.10;2.30;3.15;2.90;1.47;2.07;0.00;0.00;0.00;0.00;Estadio Ciudad de Vicente LÇüpez (Vicente LÇüpez- Provincia de Buenos Aires)
1683468000;May 07 2023 - 2:00pm;complete;N/A;Defensores de Belgrano W;LanÇ§s Women;N/A;10;0.00;0.00;0.73;0.30;2;0;2;1;1;0;16,69;;1;7;1;0;1;0;1;0;1;0;17;5;8;4;9;1;-1;-1;50;50;0.91;0.88;2.19;1.20;4.65;33;90;68;58;58;58;78;90;90;6.95;4.80;4.00;3.80;1.67;0.00;1.55;2.35;0.00;0.00;0.00;Estadio Nueva EspaÇña (Capital Federal- Ciudad de Buenos Aires)
1683468000;May 07 2023 - 2:00pm;complete;N/A;San Lorenzo Women;Independiente Women;N/A;10;2.50;2.00;1.82;1.27;1;4;5;0;0;0;51;64,69,77,78;4;2;4;0;2;0;1;3;1;1;14;11;9;7;5;4;-1;-1;50;50;1.92;1.81;2.13;1.62;2.15;20;58;35;23;13;23;68;23;68;8.80;4.67;1.67;3.60;4.30;0.00;1.86;0.00;0.00;0.00;0.00;Cancha Auxiliar San Lorenzo (Capital Federal- Ciudad de Buenos Aires)
1683482400;May 07 2023 - 6:00pm;complete;N/A;UAI Urquiza Women;El Porvenir Women;N/A;10;2.20;0.75;2.23;0.40;7;2;9;4;2;2;5,4501,54,84,88,9002,9003;25,35;7;2;1;0;1;0;0;1;1;0;14;4;8;3;6;1;-1;-1;50;50;1.91;1.26;1.99;0.66;2.78;10;65;55;45;23;23;78;43;78;12.85;5.75;1.04;9.65;24.25;0.00;1.18;1.57;1.92;0.00;0.00;Estadio Monumental de Villa Lynch (General San MartÇðn- Provincia de Buenos Aires)
1683482400;May 07 2023 - 6:00pm;complete;N/A;Banfield W;Estudiantes Caseros W;N/A;10;1.00;0.20;0.89;0.91;0;3;3;0;0;0;;57,59,69;1;5;4;0;6;0;3;1;2;4;12;11;5;6;7;5;-1;-1;50;50;1.30;1.33;1.48;1.76;1.18;10;30;10;0;0;10;30;20;45;10.00;4.00;2.05;3.30;3.20;0.00;1.75;0.00;0.00;0.00;0.00;Predio Luis GuillÇün (Luis GuillÇün- Provincia de Buenos Aires)
1683568800;May 08 2023 - 6:00pm;complete;N/A;Rosario Central W;Excursionistas Women;N/A;10;2.50;0.80;1.89;0.83;2;0;2;1;1;0;11,67;;2;3;3;0;2;0;1;2;1;1;18;9;8;6;10;3;-1;-1;50;50;1.56;1.19;2.22;1.47;2.30;43;78;55;10;0;23;58;33;78;6.65;5.08;1.41;4.48;6.25;0.00;1.65;2.29;0.00;0.00;0.00;Estadio Gigante de Arroyito (Rosario- Provincia de Santa Fe)
1683741600;May 10 2023 - 6:00pm;complete;N/A;Ferro Carril Oeste Women;SAT W;N/A;11;2.50;0.80;1.91;1.36;0;1;1;1;0;1;;16;3;5;1;0;2;0;0;1;0;2;7;8;4;6;3;2;-1;-1;50;50;1.66;1.22;1.21;1.38;2.60;23;68;55;35;13;43;65;35;58;3.40;5.58;1.53;4.00;4.50;0.00;1.68;0.00;0.00;0.00;0.00;Cancha Auxiliar Ferro Carril Oeste (Capital Federal- Ciudad de Buenos Aires)
1683741600;May 10 2023 - 6:00pm;complete;N/A;Estudiantes La Plata Women;Banfield W;N/A;11;1.25;1.20;0.60;1.58;0;1;1;0;0;0;;63;1;5;6;0;2;0;3;3;1;1;7;12;5;8;2;4;-1;-1;50;50;1.02;1.67;1.12;1.76;2.63;45;78;43;33;10;13;88;43;78;5.75;9.20;1.73;3.75;3.75;0.00;1.76;0.00;0.00;0.00;0.00;Country Club de Estudiantes de La Plata (La Plata- Provincia de Buenos Aires)
1683741600;May 10 2023 - 6:00pm;complete;N/A;El Porvenir Women;Gimnasia La Plata W;N/A;11;0.20;0.75;1.00;0.82;1;1;2;1;0;1;55;4501;4;7;3;0;2;0;1;2;1;1;8;7;4;2;4;5;-1;-1;48;52;0.86;0.92;1.20;1.06;2.28;33;55;43;20;10;10;45;45;75;5.75;4.47;3.40;3.50;1.90;0.00;1.76;0.00;0.00;0.00;0.00;Estadio Gildo Francisco Ghersinich (Gerli- Provincia de Buenos Aires)
1683813600;May 11 2023 - 2:00pm;complete;N/A;Lanus Women;Rosario Central W;N/A;11;0.80;2.20;0.67;2.25;0;3;3;1;0;1;;17,55,60;3;4;2;0;3;0;1;1;2;1;6;8;3;5;3;3;-1;-1;50;50;1.09;1.68;1.12;1.30;2.30;50;60;30;20;10;30;60;10;90;8.40;6.25;5.00;3.90;1.62;0.00;1.81;0.00;0.00;0.00;0.00;Predio LanÇ§s Auxiliar (ValentÇðn Alsina- Provincia de Buenos Aires)
1683820800;May 11 2023 - 4:00pm;complete;N/A;Estudiantes Caseros W;UAI Urquiza Women;N/A;11;0.25;2.50;1.55;2.80;0;4;4;4;0;4;;4,10,17,19;2;0;2;0;2;0;0;2;1;1;9;11;4;9;5;2;-1;-1;50;50;1.47;1.70;1.16;1.56;2.75;63;75;63;25;13;38;100;38;63;8.00;5.50;9.50;5.70;1.19;0.00;1.46;2.20;0.00;0.00;0.00;Predio MartÇðn Coronado (MartÇðn Coronado- Provincia de Buenos Aires)
1683820800;May 11 2023 - 4:00pm;complete;N/A;Huracan Women;Racing Club Women;N/A;11;2.20;1.75;1.91;1.90;0;2;2;1;0;1;;7,9002;10;1;3;0;3;0;1;2;1;2;14;6;2;5;12;1;12;16;45;55;1.20;1.41;1.40;0.93;2.48;10;45;25;13;13;13;53;25;58;6.70;5.40;3.65;3.45;1.97;0.00;1.83;0.00;0.00;0.00;0.00;Predio La Quemita (Capital Federal- Ciudad de Buenos Aires)
1683828000;May 11 2023 - 6:00pm;complete;N/A;Excursionistas Women;San Lorenzo Women;N/A;11;2.00;2.20;1.80;1.50;3;0;3;2;2;0;8,19,85;;3;6;1;0;2;0;1;0;0;2;14;27;9;8;5;19;7;6;46;54;1.67;1.74;1.96;2.98;1.94;47;57;47;0;0;27;80;30;30;6.93;3.33;9.45;4.85;1.23;0.00;1.65;0.00;4.75;0.00;0.00;Estadio de Excursionistas (Capital Federal- Ciudad de Buenos Aires)
1683828000;May 11 2023 - 6:00pm;complete;N/A;River Plate Women;Platense Women;N/A;11;2.20;2.00;2.30;1.30;2;1;3;2;2;0;2,1;80;4;2;3;0;5;0;3;0;2;3;10;4;7;2;3;2;11;18;54;46;1.73;1.15;1.72;0.90;1.70;43;63;20;0;0;43;53;10;55;8.10;8.20;1.49;3.80;5.24;0.00;1.93;0.00;0.00;0.00;0.00;River Camp Cancha 7 (Ezeiza- Provincia de Buenos Aires)
1683829800;May 11 2023 - 6:30pm;complete;N/A;Belgrano W;Defensores de Belgrano W;N/A;11;1.20;0.00;1.73;0.00;2;0;2;1;1;0;30,49;;3;5;3;0;0;0;0;3;0;0;15;6;7;0;8;6;-1;-1;50;50;1.58;0.68;2.00;0.77;2.85;20;90;65;20;10;33;80;43;90;6.90;6.25;1.14;6.95;15.25;0.00;1.44;2.16;0.00;0.00;0.00;Predio Armando PÇ¸rez (CÇürdoba- Provincia de CÇürdoba)
1683837000;May 11 2023 - 8:30pm;complete;N/A;Independiente Women;Boca Juniors Women;N/A;11;2.25;2.20;2.00;2.25;1;1;2;1;0;1;52;18;2;6;3;0;3;0;1;2;1;2;5;16;4;8;1;8;-1;-1;50;50;1.43;1.82;0.98;2.15;2.13;10;68;33;23;0;20;55;35;80;9.30;3.45;6.37;4.20;1.37;0.00;1.88;0.00;0.00;0.00;0.00;Estadio Libertadores de AmÇ¸rica (Avellaneda- Provincia de Buenos Aires)
1684080000;May 14 2023 - 4:00pm;complete;N/A;Gimnasia La Plata W;Estudiantes Caseros W;N/A;12;0.83;0.67;1.27;0.91;2;0;2;2;2;0;12,15;;4;6;0;0;3;0;0;0;0;3;8;12;3;5;5;7;-1;-1;49;51;1.22;1.40;1.09;1.55;1.83;17;50;33;9;9;17;59;42;42;8.66;4.80;2.15;2.90;3.20;0.00;2.20;0.00;0.00;0.00;0.00;Estancia Chica Club de Gimnasia y Esgrima La Plata (Abasto- Provincia de Buenos Aires)
1684087200;May 14 2023 - 6:00pm;complete;N/A;SAT W;Independiente Women;N/A;12;1.20;2.17;0.73;1.27;1;1;2;0;0;0;65;68;4;3;0;0;3;0;0;0;0;3;11;10;4;5;7;5;17;11;50;50;1.26;1.78;1.46;1.30;1.97;45;55;27;17;9;29;55;17;64;7.53;5.58;4.75;4.00;1.53;0.00;1.76;0.00;0.00;0.00;0.00;Camping Moreno SATSAID (Moreno- Provincia de Buenos Aires)
1684166400;May 15 2023 - 4:00pm;complete;N/A;Defensores de Belgrano W;HuracÇ­n Women;N/A;12;0.50;0.75;0.73;0.64;1;1;2;1;1;0;16;60;2;6;1;0;1;0;1;0;0;1;5;15;4;2;1;13;14;9;50;50;1.12;1.18;0.89;1.62;2.92;42;79;25;17;17;29;79;34;67;6.33;6.00;9.00;4.60;1.30;0.00;1.70;0.00;0.00;0.00;0.00;Estadio Juan Pasquale (Capital Federal- Ciudad de Buenos Aires)
1684166400;May 15 2023 - 4:00pm;complete;N/A;Banfield W;Ferro Carril Oeste Women;N/A;12;0.80;0.50;0.89;0.27;2;0;2;2;2;0;4,9;;4;3;5;0;4;0;1;4;3;1;13;16;5;2;8;14;21;13;46;54;1.34;1.01;1.60;1.71;1.69;0;44;27;9;0;9;34;27;72;6.57;5.00;2.75;3.00;2.50;0.00;1.91;0.00;0.00;0.00;0.00;Predio Luis GuillÇün (Luis GuillÇün- Provincia de Buenos Aires)
1684174200;May 15 2023 - 6:10pm;complete;N/A;Boca Juniors Women;Excursionistas Women;N/A;12;3.00;0.67;3.00;0.83;7;0;7;3;3;0;35,39,45,54,72,85,86;;2;2;2;0;0;0;0;2;0;0;25;4;13;2;12;2;-1;-1;50;50;1.74;1.25;3.25;0.72;2.25;25;72;45;9;0;19;45;37;82;9.10;4.40;1.07;8.50;21.00;0.00;1.22;2.10;0.00;0.00;0.00;Complejo Casa Amarilla Pedro Pompilio (Ciudad de Buenos Aires)
1684175400;May 15 2023 - 6:30pm;complete;N/A;Belgrano W;LanÇ§s Women;N/A;12;1.50;0.00;1.73;0.30;3;1;4;3;2;1;33,41,55;16;11;3;1;0;2;0;1;0;1;1;25;4;14;2;11;2;3;11;55;45;1.66;0.95;3.21;0.76;3.50;27;92;64;47;39;47;74;65;92;8.57;5.60;1.27;4.75;8.00;0.00;1.74;0.00;0.00;0.00;0.00;Predio Armando PÇ¸rez (CÇürdoba- Provincia de CÇürdoba)
1684245600;May 16 2023 - 2:00pm;complete;N/A;Platense Women;El Porvenir Women;N/A;12;2.67;0.60;2.50;0.40;3;1;4;1;0;1;46,57,90;4501;3;5;2;0;6;0;0;2;1;5;12;7;6;2;6;5;-1;-1;46;54;1.48;1.14;1.74;1.04;3.00;27;72;39;30;20;29;74;45;74;9.10;5.43;1.20;6.00;12.00;0.00;1.63;0.00;0.00;0.00;0.00;Predio Alejandro Mariani DolÇ­n (Capital Federal- Ciudad de Buenos Aires)
1684252800;May 16 2023 - 4:00pm;complete;N/A;Racing Club Women;River Plate Women;N/A;12;1.50;0.80;1.75;1.44;1;0;1;1;1;0;11;;1;3;2;0;4;0;0;2;2;2;9;4;4;0;5;4;-1;-1;51;49;1.32;1.59;1.33;0.80;2.00;9;47;47;9;9;19;64;37;74;8.40;7.42;2.63;3.00;2.45;0.00;2.20;0.00;0.00;0.00;0.00;Tita Mattiusi Predio Racing Club (SarandÇð- Provincia de Buenos Aires)
1684252800;May 16 2023 - 4:00pm;complete;N/A;San Lorenzo Women;Rosario Central W;N/A;12;2.00;2.33;1.82;2.25;0;2;2;0;0;0;;47,63;5;2;1;0;1;0;0;1;0;1;14;6;5;3;9;3;10;9;50;50;1.96;1.62;1.70;0.89;2.92;35;82;47;29;29;19;72;37;90;8.50;5.25;2.20;3.00;3.00;0.00;2.05;0.00;0.00;0.00;0.00;Cancha Auxiliar San Lorenzo (Capital Federal- Ciudad de Buenos Aires)
1684260600;May 16 2023 - 6:10pm;complete;N/A;UAI Urquiza Women;Estudiantes La Plata Women;N/A;12;2.33;0.83;2.23;0.75;2;0;2;0;0;0;;;7;1;0;0;0;0;0;0;0;0;12;6;8;2;4;4;14;14;50;50;1.92;1.30;0.00;0.00;3.50;50;83;75;42;25;42;75;50;75;12.17;5.20;1.08;9.00;16.00;0.00;1.26;1.83;2.20;0.00;0.00;Estadio Monumental de Villa Lynch (General San MartÇðn- Provincia de Buenos Aires)
1684591200;May 20 2023 - 2:00pm;complete;N/A;Ferro Carril Oeste Women;UAI Urquiza Women;N/A;13;2.00;2.60;1.91;2.80;1;2;3;2;0;2;9001;35,44;0;8;0;0;2;1;0;0;0;3;6;24;5;11;1;13;-1;-1;50;50;1.57;1.67;1.19;3.13;2.60;30;60;40;40;20;30;80;30;50;6.60;4.40;14.00;6.50;1.13;0.00;1.47;2.31;0.00;0.00;0.00;Predio RaÇ§l Florentino Di Carlo (Pontevedra)
1684598400;May 20 2023 - 4:00pm;complete;N/A;Lanus Women;San Lorenzo Women;N/A;13;0.67;1.83;0.67;1.50;2;1;3;3;2;1;32,36;26;2;2;1;0;1;0;0;1;1;0;13;21;9;8;4;13;-1;-1;55;45;1.10;1.94;1.84;2.38;2.17;42;67;59;9;0;33;59;34;75;7.67;4.25;8.50;5.00;1.25;0.00;1.55;2.30;3.80;0.00;0.00;Predio LanÇ§s Auxiliar (ValentÇðn Alsina- Provincia de Buenos Aires)
1684598400;May 20 2023 - 4:00pm;complete;N/A;Rosario Central W;Boca Juniors Women;N/A;13;2.60;2.00;1.89;2.25;0;2;2;2;0;2;;36,4501;3;4;2;0;2;0;1;1;0;2;2;18;2;10;0;8;-1;-1;41;59;1.72;1.88;0.49;2.27;2.00;27;74;37;9;0;27;74;19;74;9.63;4.00;7.00;4.00;1.36;0.00;1.89;0.00;0.00;0.00;0.00;Estadio Gigante de Arroyito (Rosario- Provincia de Santa Fe)
1684605600;May 20 2023 - 6:00pm;complete;N/A;Huracan Women;Belgrano W;N/A;13;1.83;1.40;1.91;1.00;1;0;1;0;0;0;86;;2;3;4;2;2;1;1;5;0;3;9;7;5;4;4;3;-1;-1;50;50;1.23;1.40;1.49;1.24;1.07;9;25;0;0;0;0;52;0;55;9.97;4.50;2.57;2.91;2.58;0.00;2.15;0.00;0.00;0.00;0.00;Estadio TomÇ­s Adolfo DucÇü (Capital Federal- Ciudad de Buenos Aires)
1684677600;May 21 2023 - 2:00pm;complete;N/A;Independiente Women;Banfield W;N/A;13;2.00;1.50;2.00;1.58;0;2;2;0;0;0;;59,73;3;5;2;0;2;0;1;1;1;1;6;10;3;5;3;5;-1;-1;50;50;1.34;1.68;1.05;1.44;2.44;27;74;35;27;9;0;72;45;92;7.37;5.40;1.47;4.00;5.50;0.00;1.99;0.00;0.00;0.00;0.00;Estadio Libertadores de AmÇ¸rica (Avellaneda- Provincia de Buenos Aires)
1684684800;May 21 2023 - 4:00pm;complete;N/A;Estudiantes La Plata Women;Gimnasia La Plata W;N/A;13;1.00;0.80;0.60;0.82;2;2;4;3;1;2;43,86;3,14;2;2;4;0;5;1;3;1;1;5;7;13;4;8;3;5;-1;-1;48;52;1.04;0.95;1.15;1.83;1.90;40;60;20;10;0;10;60;30;70;6.00;8.50;2.38;3.00;2.80;0.00;2.45;0.00;0.00;0.00;0.00;Cancha 5 de Country de City Bell (City Bell- Provincia de Buenos Aires)
1684692000;May 21 2023 - 6:00pm;complete;N/A;River Plate Women;Defensores de Belgrano W;N/A;13;2.33;0.00;2.30;0.00;2;0;2;1;1;0;16,5;;11;1;0;0;2;0;0;0;1;1;20;3;8;2;12;1;-1;-1;50;50;1.72;0.70;2.41;0.49;2.45;34;100;45;0;0;44;92;19;84;7.50;5.77;1.03;17.77;31.00;0.00;1.28;1.77;1.89;0.00;0.00;Polideportivo CA River Plate (Predio Ezeiza) (Ezeiza- Provincia de Buenos Aires)
1684764000;May 22 2023 - 2:00pm;complete;N/A;Estudiantes Caseros W;Platense Women;N/A;13;0.20;1.60;1.55;1.30;3;0;3;3;3;0;13,26,43;;4;7;2;0;2;0;1;1;1;1;13;9;8;3;5;6;-1;-1;50;50;1.41;1.10;1.84;1.27;2.40;50;70;60;20;0;50;70;20;60;5.60;7.80;3.09;3.13;1.98;0.00;1.82;0.00;0.00;0.00;0.00;Predio Alejandro Mariani DolÇ­n (Capital Federal- Ciudad de Buenos Aires)
1684778400;May 22 2023 - 6:00pm;complete;N/A;Excursionistas Women;SAT W;N/A;13;2.25;1.17;1.80;1.36;1;1;2;2;1;1;33;15;1;3;3;0;3;0;1;2;1;2;3;2;2;2;1;0;1;0;50;50;1.74;1.25;0.38;0.33;2.00;21;50;50;9;0;50;92;9;29;5.25;5.00;2.67;3.10;2.42;0.00;1.83;0.00;0.00;0.00;0.00;Estadio de Excursionistas (Capital Federal- Ciudad de Buenos Aires)
1684864800;May 23 2023 - 6:00pm;complete;N/A;El Porvenir Women;Racing Club Women;N/A;13;0.33;2.00;1.00;1.90;3;0;3;0;0;0;49,73,83;;2;7;2;0;2;1;1;1;1;2;13;10;8;3;5;7;-1;-1;50;50;0.92;1.31;1.76;1.46;3.04;25;64;45;27;19;19;45;37;90;4.53;5.00;10.02;6.32;1.17;0.00;1.53;2.28;0.00;0.00;0.00;Estadio Gildo Francisco Ghersinich (Gerli- Provincia de Buenos Aires)
1685124000;May 26 2023 - 6:00pm;complete;N/A;Huracan Women;LanÇ§s Women;N/A;14;2.00;0.00;1.91;0.30;2;0;2;0;0;0;58,62;;2;0;3;0;2;0;1;2;1;1;16;11;7;6;9;5;-1;-1;50;50;1.27;0.92;2.01;1.47;2.65;24;72;34;34;25;34;77;34;79;8.88;5.79;1.33;4.33;7.00;0.00;1.78;0.00;0.00;0.00;0.00;Predio La Quemita (Capital Federal- Ciudad de Buenos Aires)
1685142900;May 26 2023 - 11:15pm;complete;N/A;Belgrano W;River Plate Women;N/A;14;1.71;0.67;1.73;1.44;0;2;2;1;0;1;;4502,7;5;6;3;0;6;0;1;2;1;5;5;8;2;4;3;4;7;8;50;50;1.92;1.46;0.76;1.22;2.49;22;68;61;22;7;30;69;38;77;10.14;5.60;3.40;3.15;2.00;0.00;1.81;0.00;0.00;0.00;0.00;Estadio Julio CÇ¸sar Villagra (Ciudad de CÇürdoba- Provincia de CÇürdoba)
1685200200;May 27 2023 - 3:10pm;complete;N/A;SAT W;Rosario Central W;N/A;14;1.17;2.43;0.73;2.25;0;2;2;2;0;2;;20,35;7;2;3;0;2;0;1;2;1;1;14;7;8;6;6;1;11;7;50;50;1.30;1.51;1.98;1.17;2.19;47;77;23;7;7;24;61;30;84;7.47;4.91;4.60;3.55;1.74;0.00;2.00;0.00;0.00;0.00;0.00;Estadio Ferrocarril Midland (Libertad- Provincia de Buenos Aires)
1685203200;May 27 2023 - 4:00pm;complete;N/A;Racing Club Women;Estudiantes Caseros W;N/A;14;1.71;0.57;1.75;0.91;1;3;4;3;1;2;17;14,27,78;5;3;0;1;1;0;0;1;0;1;11;12;6;11;5;1;14;13;59;41;1.32;1.43;1.63;1.87;1.86;14;50;29;7;7;22;64;36;50;8.57;7.12;1.37;5.20;6.80;0.00;1.55;0.00;0.00;0.00;0.00;Tita Mattiusi Predio Racing Club (SarandÇð- Provincia de Buenos Aires)
1685210400;May 27 2023 - 6:00pm;complete;N/A;Banfield W;Excursionistas Women;N/A;14;1.17;0.57;0.89;0.83;0;0;0;0;0;0;;;2;3;-1;-1;-1;-1;-1;-1;-1;-1;6;4;3;2;3;2;-1;-1;50;50;1.39;1.16;1.15;0.78;2.24;22;60;37;15;7;23;37;30;68;5.93;5.42;1.67;3.40;4.50;0.00;1.70;0.00;0.00;0.00;0.00;Predio Luis GuillÇün (Luis GuillÇün- Provincia de Buenos Aires)
1685210400;May 27 2023 - 6:00pm;complete;N/A;Boca Juniors Women;San Lorenzo Women;N/A;14;3.00;1.57;3.00;1.50;3;0;3;1;1;0;3,63,75;;2;2;2;0;2;0;0;2;0;2;11;9;5;5;6;4;-1;-1;50;50;1.99;2.00;1.50;1.54;2.63;29;77;61;9;9;38;61;47;70;9.54;3.03;1.18;5.00;15.00;0.00;2.02;0.00;0.00;0.00;0.00;Complejo Casa Amarilla Pedro Pompilio (Ciudad de Buenos Aires)
1685282400;May 28 2023 - 2:00pm;complete;N/A;Defensores de Belgrano W;El Porvenir Women;N/A;14;0.57;0.50;0.73;0.40;0;0;0;0;0;0;;;1;3;-1;-1;-1;-1;-1;-1;-1;-1;9;7;5;2;4;5;-1;-1;50;50;1.09;1.12;1.38;1.06;4.00;38;77;55;48;31;31;85;54;85;7.38;5.57;2.33;3.40;2.75;0.00;1.78;0.00;0.00;0.00;0.00;Estadio Nueva EspaÇña (Capital Federal- Ciudad de Buenos Aires)
1685289600;May 28 2023 - 4:00pm;complete;N/A;Gimnasia La Plata W;Ferro Carril Oeste Women;N/A;14;1.14;0.43;1.27;0.27;1;0;1;1;1;0;35;;6;7;2;0;2;0;1;1;0;2;14;8;8;4;6;4;17;11;51;49;1.20;1.11;1.92;1.25;2.00;7;57;29;14;7;29;71;29;50;6.14;4.17;2.25;3.05;2.95;0.00;1.95;0.00;0.00;0.00;0.00;Estadio Juan Carmelo Zerillo (La Plata- Provincia de Buenos Aires)
1685293800;May 28 2023 - 5:10pm;complete;N/A;UAI Urquiza Women;Independiente Women;N/A;14;2.43;2.00;2.23;1.27;2;0;2;1;1;0;43,7;;5;4;3;0;4;0;0;3;2;2;17;6;8;2;9;4;11;10;50;50;1.92;1.71;2.25;1.01;2.93;43;72;43;36;22;22;57;50;71;11.57;4.03;1.24;5.60;10.50;0.00;1.56;0.00;0.00;0.00;0.00;Estadio Monumental de Villa Lynch (General San MartÇðn- Provincia de Buenos Aires)
1685383800;May 29 2023 - 6:10pm;complete;N/A;Platense Women;Estudiantes La Plata Women;N/A;14;2.71;0.71;2.50;0.75;2;1;3;1;0;1;73,88;13;8;2;2;1;5;1;1;2;4;2;14;11;11;4;3;7;12;20;60;40;1.51;1.30;2.26;1.41;2.65;50;86;50;22;7;29;64;43;64;8.43;5.03;1.55;4.00;4.75;0.00;2.17;0.00;0.00;0.00;0.00;Predio Alejandro Mariani DolÇ­n (Capital Federal- Ciudad de Buenos Aires)
1685643000;Jun 01 2023 - 6:10pm;complete;N/A;San Lorenzo Women;SAT W;N/A;15;1.67;1.14;1.82;1.36;1;1;2;1;0;1;49;17;4;3;1;0;1;0;1;0;1;0;9;8;5;5;4;3;-1;-1;49;51;1.92;1.11;1.73;1.35;2.42;23;70;47;24;17;37;68;32;56;6.31;5.00;1.31;4.80;7.59;0.00;1.64;3.20;0.00;0.00;0.00;Cancha Auxiliar San Lorenzo (Capital Federal- Ciudad de Buenos Aires)
1685728800;Jun 02 2023 - 6:00pm;complete;N/A;Excursionistas Women;UAI Urquiza Women;N/A;15;2.00;2.67;1.80;2.80;0;1;1;0;0;0;;9003;0;4;1;0;4;0;0;1;1;3;2;18;0;11;2;7;-1;-1;43;57;1.47;1.91;0.29;2.57;2.34;45;64;45;17;9;55;100;9;35;7.80;4.87;16.26;9.00;1.05;0.00;1.45;1.83;0.00;0.00;0.00;Estadio Monumental de Villa Lynch (General San MartÇðn- Provincia de Buenos Aires)
1685728800;Jun 02 2023 - 6:00pm;complete;N/A;Ferro Carril Oeste Women;Platense Women;N/A;15;1.67;1.33;1.91;1.30;2;2;4;2;2;0;1,43;89,9006;2;6;1;0;2;0;0;1;1;1;13;17;8;12;5;5;-1;-1;50;50;1.51;1.13;2.02;2.62;2.17;33;59;42;17;9;42;59;17;59;5.66;6.00;3.49;3.20;1.90;0.00;2.05;0.00;0.00;0.00;0.00;Cancha Auxiliar Ferro Carril Oeste (Capital Federal- Ciudad de Buenos Aires)
1685800800;Jun 03 2023 - 2:00pm;complete;N/A;Independiente Women;Gimnasia La Plata W;N/A;15;1.67;0.83;2.00;0.82;0;2;2;1;0;1;;38,62;3;3;2;0;4;0;1;1;0;4;8;10;3;7;5;3;17;16;47;53;1.29;1.13;1.19;1.56;2.17;34;75;25;17;0;9;59;42;84;7.17;5.73;1.73;3.50;4.00;0.00;1.95;0.00;0.00;0.00;0.00;Estadio Libertadores de AmÇ¸rica (Avellaneda- Provincia de Buenos Aires)
1685815200;Jun 03 2023 - 6:00pm;complete;N/A;El Porvenir Women;Belgrano W;N/A;15;0.71;1.17;1.00;1.00;2;1;3;0;0;0;46,5;55;4;7;3;0;3;0;2;1;2;1;7;8;6;4;1;4;-1;-1;50;50;1.04;1.36;1.20;1.30;1.77;22;36;29;15;7;7;30;22;84;6.79;4.40;7.90;4.44;1.37;0.00;1.89;0.00;0.00;0.00;0.00;Estadio Gildo Francisco Ghersinich (Gerli- Provincia de Buenos Aires)
1685815800;Jun 03 2023 - 6:10pm;complete;N/A;Lanus Women;Boca Juniors Women;N/A;15;1.00;2.14;0.67;2.25;0;2;2;1;0;1;;12,57;5;4;1;0;3;0;0;1;0;3;2;5;0;4;2;1;-1;-1;45;55;1.20;1.93;0.19;0.64;2.07;36;64;43;14;0;43;64;14;64;9.00;4.24;36.00;12.00;1.03;0.00;1.31;1.82;0.00;0.00;0.00;Predio LanÇ§s Auxiliar (ValentÇðn Alsina- Provincia de Buenos Aires)
1685887200;Jun 04 2023 - 2:00pm;complete;N/A;Estudiantes La Plata Women;Racing Club Women;N/A;15;1.00;1.67;0.60;1.90;0;1;1;1;0;1;;31;0;7;1;0;2;0;0;1;1;1;7;11;2;5;5;6;-1;-1;50;50;1.06;1.34;0.90;1.59;2.83;25;67;42;25;9;25;50;34;83;4.67;8.87;4.53;3.75;1.65;0.00;1.74;0.00;0.00;0.00;0.00;Country Club de Estudiantes de La Plata (La Plata- Provincia de Buenos Aires)
1685887200;Jun 04 2023 - 2:00pm;complete;N/A;Estudiantes Caseros W;Defensores de Belgrano W;N/A;15;0.67;0.00;1.55;0.00;4;2;6;1;0;1;54,60,74,81;45,73;1;1;2;1;2;0;1;2;1;1;20;6;10;5;10;1;-1;-1;50;50;1.48;0.66;2.86;1.29;2.83;25;100;67;17;0;42;100;25;75;5.34;5.17;1.39;4.46;6.88;0.00;1.72;0.00;0.00;0.00;0.00;Predio MartÇðn Coronado (MartÇðn Coronado- Provincia de Buenos Aires)
1685894400;Jun 04 2023 - 4:00pm;complete;N/A;Rosario Central W;Banfield W;N/A;15;2.17;1.71;1.89;1.58;2;1;3;1;0;1;88,89;2;8;2;4;0;3;0;2;2;1;2;13;14;8;5;5;9;-1;-1;50;50;1.48;1.65;1.81;1.48;2.29;23;77;38;15;7;17;77;37;77;7.96;5.26;1.56;3.91;5.13;0.00;1.82;0.00;0.00;0.00;0.00;Estadio Gigante de Arroyito (Rosario- Provincia de Santa Fe)
1685901600;Jun 04 2023 - 6:00pm;complete;N/A;River Plate Women;HuracÇ­n Women;N/A;15;2.43;0.80;2.30;0.64;3;0;3;2;2;0;27,45,64;;1;1;2;0;3;0;0;2;1;2;10;8;6;3;4;5;-1;-1;50;50;1.82;1.26;1.37;1.08;2.02;59;90;22;0;0;39;83;7;66;9.43;6.21;1.50;4.00;5.00;0.00;1.98;0.00;0.00;0.00;0.00;Polideportivo CA River Plate (Predio Ezeiza) (Ezeiza- Provincia de Buenos Aires)
1686150000;Jun 07 2023 - 3:00pm;complete;N/A;SAT W;Boca Juniors Women;N/A;16;1.00;2.25;0.73;2.25;2;4;6;4;1;3;4501,62;1,30,33,82;1;1;3;0;4;0;2;1;3;1;10;11;5;6;5;5;-1;-1;44;56;1.39;1.77;1.54;1.61;1.86;34;73;20;7;0;41;66;14;60;9.24;4.08;46.00;9.00;1.08;0.00;1.50;2.33;0.00;0.00;0.00;Camping Moreno SATSAID (Moreno- Provincia de Buenos Aires)
1686153600;Jun 07 2023 - 4:00pm;complete;N/A;Racing Club Women;Ferro Carril Oeste Women;N/A;16;1.50;0.38;1.75;0.27;1;0;1;1;1;0;36;;5;5;2;0;2;0;0;2;0;2;10;11;4;8;6;3;-1;-1;50;50;1.36;1.13;1.41;1.74;2.07;13;51;32;19;7;25;75;25;63;6.63;6.50;1.40;4.15;6.35;0.00;1.70;0.00;0.00;0.00;0.00;Tita Mattiusi Predio Racing Club (SarandÇð- Provincia de Buenos Aires)
1686160800;Jun 07 2023 - 6:00pm;complete;N/A;Defensores de Belgrano W;Estudiantes La Plata Women;N/A;16;0.63;0.63;0.73;0.75;0;1;1;0;0;0;;86;2;8;2;1;0;0;3;0;0;0;5;14;2;8;3;6;-1;-1;50;50;1.13;1.31;0.86;1.99;3.25;51;82;57;25;19;32;69;44;69;6.38;5.28;4.40;3.50;1.73;0.00;1.80;0.00;0.00;0.00;0.00;Estadio Juan Pasquale (Capital Federal- Ciudad de Buenos Aires)
1686162000;Jun 07 2023 - 6:20pm;complete;N/A;UAI Urquiza Women;Rosario Central W;N/A;16;2.50;2.50;2.23;2.25;0;1;1;0;0;0;;;-1;-1;-1;-1;-1;-1;-1;-1;-1;-1;-1;-1;-1;-1;-1;-1;-1;-1;-1;-1;1.97;1.47;0.00;0.00;3.01;32;88;38;26;19;25;75;44;82;11.01;4.06;1.25;5.00;10.00;0.00;1.70;0.00;0.00;0.00;0.00;Estadio Monumental de Villa Lynch (General San MartÇðn- Provincia de Buenos Aires)
1686232800;Jun 08 2023 - 2:00pm;complete;N/A;Belgrano W;Estudiantes Caseros W;N/A;16;1.50;0.88;1.73;0.91;2;0;2;1;1;0;45,87;;5;7;1;0;3;0;1;0;1;2;14;10;5;3;9;7;10;15;50;50;1.75;1.48;1.75;1.23;2.57;32;82;51;26;7;38;69;38;69;10.63;5.24;1.71;3.75;4.60;0.00;1.88;0.00;0.00;0.00;0.00;Predio Armando PÇ¸rez (CÇürdoba- Provincia de CÇürdoba)
1686236400;Jun 08 2023 - 3:00pm;complete;N/A;Platense Women;Independiente Women;N/A;16;2.75;1.75;2.50;1.27;1;0;1;0;0;0;84;;9;3;2;0;1;0;0;2;0;1;14;7;9;2;5;5;-1;-1;50;50;1.61;1.62;2.14;1.28;2.32;50;76;32;19;7;13;63;51;75;8.88;5.13;2.04;3.30;3.60;0.00;2.01;0.00;0.00;0.00;0.00;Predio Alejandro Mariani DolÇ­n (Capital Federal- Ciudad de Buenos Aires)
1686247200;Jun 08 2023 - 6:00pm;complete;N/A;River Plate Women;LanÇ§s Women;N/A;16;2.50;0.00;2.30;0.30;2;0;2;2;2;0;20,23;;3;2;1;0;2;0;1;0;1;1;21;11;9;4;12;7;7;13;61;39;1.77;0.99;2.56;1.34;3.11;40;100;54;29;22;60;80;42;88;8.45;5.06;1.06;9.00;17.00;0.00;1.39;2.01;0.00;0.00;0.00;Polideportivo CA River Plate (Predio Ezeiza) (Ezeiza- Provincia de Buenos Aires)
1686247200;Jun 08 2023 - 6:00pm;complete;N/A;Huracan Women;El Porvenir Women;N/A;16;2.13;0.57;1.91;0.40;3;1;4;3;2;1;2,10,87;30;8;1;2;1;3;1;0;3;2;2;10;4;6;2;4;2;-1;-1;50;50;1.36;1.11;1.76;0.63;2.41;21;54;29;29;15;15;67;28;67;8.81;7.25;1.26;4.85;9.05;0.00;1.68;0.00;0.00;0.00;0.00;Predio La Quemita (Capital Federal- Ciudad de Buenos Aires)
1686247200;Jun 08 2023 - 6:00pm;complete;N/A;Banfield W;San Lorenzo Women;N/A;16;1.14;1.38;0.89;1.50;0;2;2;1;0;1;;39,9004;3;0;1;0;2;0;0;1;0;2;5;8;3;6;2;2;-1;-1;50;50;1.35;1.95;0.94;1.42;1.82;25;59;45;0;0;26;45;32;53;6.79;4.58;4.60;3.65;1.74;0.00;1.96;0.00;0.00;0.00;0.00;Predio Luis GuillÇün (Luis GuillÇün- Provincia de Buenos Aires)
1686247800;Jun 08 2023 - 6:10pm;complete;N/A;Gimnasia La Plata W;Excursionistas Women;N/A;16;1.38;0.63;1.27;0.83;2;2;4;1;0;1;56,78;16,5;8;1;3;0;2;0;0;3;0;2;15;5;6;3;9;2;-1;-1;53;47;1.29;1.10;2.01;0.83;2.25;26;57;38;19;13;25;63;32;50;5.88;3.84;1.50;3.90;5.50;0.00;1.88;0.00;0.00;0.00;0.00;Estadio Juan Carmelo Zerillo (La Plata- Provincia de Buenos Aires)
1686578400;Jun 12 2023 - 2:00pm;complete;N/A;Estudiantes Caseros W;HuracÇ­n Women;N/A;17;1.00;0.67;1.55;0.64;1;1;2;0;0;0;87;76;4;2;3;1;3;1;3;1;1;3;11;8;8;4;3;4;-1;-1;50;50;1.68;1.23;1.69;1.17;2.77;54;92;59;22;7;45;92;22;62;5.93;6.26;3.20;3.34;2.14;0.00;2.00;0.00;0.00;0.00;0.00;Predio MartÇðn Coronado (MartÇðn Coronado- Provincia de Buenos Aires)
1686582000;Jun 12 2023 - 3:00pm;complete;N/A;Estudiantes La Plata Women;Belgrano W;N/A;17;0.86;1.00;0.60;1.00;0;3;3;2;0;2;;30,31,66;4;1;1;0;1;0;0;1;0;1;6;11;3;7;3;4;-1;-1;50;50;1.04;1.35;1.02;1.75;1.64;29;36;22;15;0;15;43;14;71;6.29;7.50;3.23;3.30;1.95;0.00;2.02;0.00;0.00;0.00;0.00;Estadio Jorge Luis Hirschi (La Plata- Provincia de Buenos Aires)
1686593400;Jun 12 2023 - 6:10pm;complete;N/A;Boca Juniors Women;Banfield W;N/A;17;3.00;1.50;3.00;1.58;2;0;2;2;2;0;29,42;;3;2;3;0;4;0;0;3;2;2;17;4;7;2;10;2;-1;-1;50;50;1.92;1.63;2.22;0.78;2.75;19;73;54;20;14;15;66;60;87;9.29;4.74;1.09;8.50;29.00;0.00;1.40;2.00;0.00;0.00;0.00;Complejo Casa Amarilla Pedro Pompilio (Ciudad de Buenos Aires)
1686607200;Jun 12 2023 - 10:00pm;complete;N/A;Independiente Women;Racing Club Women;N/A;17;1.43;1.86;2.00;1.90;2;0;2;0;0;0;54,73;;4;4;1;0;2;0;1;0;0;2;7;8;5;2;2;6;-1;-1;50;50;1.28;1.37;1.29;1.09;2.57;7;72;29;14;7;7;50;43;86;6.71;5.29;3.35;3.20;2.17;0.00;2.30;0.00;0.00;0.00;0.00;Estadio Libertadores de AmÇ¸rica (Avellaneda- Provincia de Buenos Aires)
1686664800;Jun 13 2023 - 2:00pm;complete;N/A;Ferro Carril Oeste Women;Defensores de Belgrano W;N/A;17;1.57;0.00;1.91;0.00;2;0;2;0;0;0;73,82;;8;1;1;0;2;0;0;1;1;1;15;8;8;5;7;3;-1;-1;50;50;1.58;0.75;2.07;1.15;2.86;29;86;50;29;14;29;86;36;86;4.29;3.93;1.43;4.00;5.00;0.00;1.70;0.00;0.00;0.00;0.00;Predio Ferro Pontevedra (Pontevedra- Provincia de Buenos Aires)
1686668400;Jun 13 2023 - 3:00pm;complete;N/A;Rosario Central W;Gimnasia La Plata W;N/A;17;2.29;1.14;1.89;0.82;0;0;0;0;0;0;;;7;4;-1;-1;-1;-1;-1;-1;-1;-1;5;13;0;7;5;6;-1;-1;48;52;1.53;1.20;0.65;1.80;2.14;36;79;36;7;0;22;79;29;71;8.15;6.17;1.74;3.20;4.00;0.00;2.05;0.00;0.00;0.00;0.00;Estadio Gigante de Arroyito (Rosario- Provincia de Santa Fe)
1686672000;Jun 13 2023 - 4:00pm;complete;N/A;Lanus Women;SAT W;N/A;17;0.88;1.13;0.67;1.36;1;3;4;1;0;1;88;42,87,89;4;8;3;0;2;0;1;2;1;1;9;7;3;4;6;3;-1;-1;50;50;1.08;1.14;0.92;0.89;2.07;38;63;44;13;0;44;76;13;57;5.88;5.14;2.80;3.00;2.35;0.00;2.10;0.00;0.00;0.00;0.00;Predio LanÇ§s Auxiliar (ValentÇðn Alsina- Provincia de Buenos Aires)
1686679200;Jun 13 2023 - 6:00pm;complete;N/A;San Lorenzo Women;UAI Urquiza Women;N/A;17;1.57;2.71;1.82;2.80;0;3;3;2;0;2;;23,38,85;2;1;0;0;1;0;0;0;1;0;6;12;2;8;4;4;7;5;50;50;1.89;2.01;0.86;1.63;2.57;36;72;43;29;22;29;72;29;72;9.00;4.69;5.50;3.75;1.52;0.00;1.87;0.00;0.00;0.00;0.00;Cancha Auxiliar San Lorenzo (Capital Federal- Ciudad de Buenos Aires)
1686679200;Jun 13 2023 - 6:00pm;complete;N/A;Excursionistas Women;Platense Women;N/A;17;1.67;1.29;1.80;1.30;2;2;4;0;0;0;71,76;64,69;4;5;0;0;1;0;0;0;0;1;15;12;8;5;7;7;-1;-1;50;50;1.27;1.34;1.73;1.37;1.92;38;54;38;7;0;54;70;7;45;6.47;6.00;6.50;4.33;1.36;0.00;1.75;0.00;0.00;0.00;0.00;Estadio de Excursionistas (Capital Federal- Ciudad de Buenos Aires)
1686766200;Jun 14 2023 - 6:10pm;complete;N/A;El Porvenir Women;River Plate Women;N/A;17;1.00;1.00;1.00;1.44;0;3;3;1;0;1;;44,74,83;0;8;2;1;0;0;2;1;0;0;8;16;4;7;4;9;-1;-1;50;50;1.06;1.43;1.10;2.10;2.31;25;66;53;13;7;14;55;40;86;7.64;5.63;13.00;5.60;1.17;0.00;1.57;2.20;0.00;0.00;0.00;Estadio Gildo Francisco Ghersinich (Gerli- Provincia de Buenos Aires)
1687017600;Jun 17 2023 - 4:00pm;complete;N/A;Racing Club Women;Excursionistas Women;N/A;18;1.67;0.67;1.75;0.83;0;1;1;0;0;0;;88;5;3;5;0;0;0;0;5;0;0;11;9;5;5;6;4;-1;-1;41;59;1.36;1.07;1.62;1.35;2.45;33;56;45;28;11;22;67;33;67;5.55;5.92;1.22;5.45;8.21;0.00;1.58;0.00;0.00;0.00;0.00;Tita Mattiusi Predio Racing Club (SarandÇð- Provincia de Buenos Aires)
1687017600;Jun 17 2023 - 4:00pm;complete;N/A;Platense Women;Rosario Central W;N/A;18;2.78;2.56;2.50;2.25;0;2;2;0;0;0;;74,81;5;4;5;0;2;0;3;2;2;0;18;8;13;4;5;4;-1;-1;42;58;1.67;1.47;2.59;1.20;2.33;39;78;28;11;6;17;67;45;78;9.10;4.74;2.33;3.00;2.76;0.00;2.14;0.00;0.00;0.00;0.00;Camping Moreno SATSAID (Moreno- Provincia de Buenos Aires)
1687024800;Jun 17 2023 - 6:00pm;complete;N/A;River Plate Women;Estudiantes Caseros W;N/A;18;2.56;0.78;2.30;0.91;1;2;3;0;0;0;82;70,87;1;2;1;0;4;0;1;0;1;3;10;9;8;7;2;2;10;9;45;55;1.86;1.45;1.76;1.40;2.28;33;89;39;6;0;50;78;22;62;10.34;5.07;1.30;5.25;7.00;0.00;1.57;0.00;0.00;0.00;0.00;Polideportivo CA River Plate (Predio Ezeiza) (Ezeiza- Provincia de Buenos Aires)
1687096800;Jun 18 2023 - 2:00pm;complete;N/A;Belgrano W;Ferro Carril Oeste Women;N/A;18;1.67;0.33;1.73;0.27;5;0;5;2;2;0;28,44,60,75,84;;4;1;2;0;1;0;0;2;0;1;13;7;11;2;2;5;-1;-1;50;50;1.75;1.19;2.06;0.93;2.39;17;73;39;22;6;28;78;28;73;8.89;4.87;1.54;3.70;5.20;0.00;1.89;0.00;0.00;0.00;0.00;Predio C. A. Racing (Ciudad de CÇürdoba- Provincia de CÇürdoba)
1687129200;Jun 18 2023 - 11:00pm;complete;N/A;Gimnasia La Plata W;San Lorenzo Women;N/A;18;1.33;1.56;1.27;1.50;1;1;2;0;0;0;66;81;5;4;1;0;1;0;1;0;1;0;4;9;3;6;1;3;15;16;51;49;1.37;1.89;0.80;1.39;2.22;33;67;50;11;6;28;78;39;50;7.00;3.29;3.05;3.25;2.10;0.00;1.98;0.00;0.00;0.00;0.00;Estadio Juan Carmelo Zerillo (La Plata- Provincia de Buenos Aires)
1687197600;Jun 19 2023 - 6:00pm;complete;N/A;El Porvenir Women;LanÇ§s Women;N/A;18;0.89;0.00;1.00;0.30;2;1;3;2;1;1;15,9005;33;1;5;4;1;2;0;3;2;2;0;9;6;4;4;5;2;-1;-1;57;43;1.06;1.04;1.30;1.02;3.14;35;89;59;36;25;37;60;60;94;5.60;4.71;2.06;3.35;3.05;0.00;1.54;0.00;0.00;0.00;0.00;Estadio Gildo Francisco Ghersinich (Gerli- Provincia de Buenos Aires)
1687197600;Jun 19 2023 - 6:00pm;complete;N/A;UAI Urquiza Women;Boca Juniors Women;N/A;18;2.22;2.33;2.23;2.25;1;0;1;0;0;0;49;;7;4;1;0;2;0;0;1;1;1;7;10;5;4;2;6;2;13;55;45;1.97;1.75;1.24;1.49;2.78;28;78;39;28;17;33;73;33;67;12.02;3.43;2.46;3.04;2.86;1.50;2.40;0.00;0.00;0.00;0.00;Estadio Monumental de Villa Lynch (General San MartÇðn- Provincia de Buenos Aires)
1687197600;Jun 19 2023 - 6:00pm;complete;N/A;Banfield W;SAT W;N/A;18;1.00;1.33;0.89;1.36;1;2;3;3;1;2;43;8,37;7;1;3;1;5;1;1;3;1;5;15;12;8;4;7;8;-1;-1;41;59;1.29;1.12;2.07;1.59;1.74;22;53;29;11;0;29;57;18;47;6.14;5.43;2.18;3.14;3.24;0.00;2.23;0.00;0.00;0.00;0.00;Predio Luis GuillÇün (Luis GuillÇün- Provincia de Buenos Aires)
1687284000;Jun 20 2023 - 6:00pm;complete;N/A;Defensores de Belgrano W;Independiente Women;N/A;18;0.56;1.56;0.73;1.27;1;0;1;0;0;0;77;;1;8;2;0;1;0;0;2;0;1;2;3;2;0;0;3;-1;-1;50;50;1.10;1.59;0.36;0.40;2.67;39;62;28;22;17;17;56;39;78;6.44;4.66;5.84;4.00;1.45;0.00;1.95;0.00;0.00;0.00;0.00;Estadio Juan Pasquale (Capital Federal- Ciudad de Buenos Aires)
1687284600;Jun 20 2023 - 6:10pm;complete;N/A;Huracan Women;Estudiantes La Plata Women;N/A;18;2.22;0.89;1.91;0.75;0;0;0;0;0;0;;;5;1;0;0;0;0;0;0;0;0;17;11;7;5;10;6;14;15;50;50;1.41;1.40;2.02;1.36;2.23;39;67;39;17;6;22;62;22;67;9.11;6.58;1.69;3.45;4.32;0.00;2.00;0.00;0.00;0.00;0.00;Estadio TomÇ­s Adolfo DucÇü (Capital Federal- Ciudad de Buenos Aires)
1687528800;Jun 23 2023 - 2:00pm;complete;N/A;Estudiantes Caseros W;El Porvenir Women;N/A;19;1.00;0.50;1.55;0.40;2;0;2;0;0;0;;;4;3;-1;-1;-1;-1;-1;-1;-1;-1;-1;-1;-1;-1;-1;-1;-1;-1;-1;-1;1.68;1.05;0.00;0.00;3.50;51;82;76;51;19;44;82;44;69;6.63;7.27;1.81;3.60;3.90;0.00;1.60;2.38;0.00;0.00;0.00;Predio MartÇðn Coronado (MartÇðn Coronado- Provincia de Buenos Aires)
1687622400;Jun 24 2023 - 4:00pm;complete;N/A;SAT W;UAI Urquiza Women;N/A;19;0.88;2.75;0.73;2.80;0;1;1;0;0;0;;53;1;9;3;0;2;0;1;2;0;2;3;11;2;10;1;1;-1;-1;50;50;1.41;1.96;0.66;2.13;2.38;44;69;38;19;13;50;76;19;63;7.88;5.06;22.30;9.49;1.05;0.00;1.45;2.05;0.00;0.00;0.00;Camping Moreno SATSAID (Moreno- Provincia de Buenos Aires)
1687622400;Jun 24 2023 - 4:00pm;complete;N/A;Boca Juniors Women;Gimnasia La Plata W;N/A;19;3.00;1.13;3.00;0.82;3;2;5;3;3;0;7,39,44;67,82;3;2;2;0;0;0;0;2;0;0;10;11;5;6;5;5;-1;-1;48;52;1.96;1.29;1.36;1.41;2.32;19;69;38;13;7;26;63;38;69;8.88;5.50;1.17;6.80;15.00;0.00;1.70;0.00;0.00;0.00;0.00;Complejo Casa Amarilla Pedro Pompilio (Ciudad de Buenos Aires)
1687622400;Jun 24 2023 - 4:00pm;complete;N/A;Rosario Central W;Racing Club Women;N/A;19;2.13;1.63;1.89;1.90;0;1;1;1;0;1;;41;7;7;0;0;5;0;0;0;1;4;13;14;4;8;9;6;-1;-1;50;50;1.41;1.34;1.64;1.99;2.38;13;69;38;7;7;19;57;38;69;8.26;5.53;2.70;3.00;2.70;0.00;2.30;0.00;0.00;0.00;0.00;Estadio Gigante de Arroyito (Rosario- Provincia de Santa Fe)
1687629600;Jun 24 2023 - 6:00pm;complete;N/A;Excursionistas Women;Defensores de Belgrano W;N/A;19;1.57;0.00;1.80;0.00;2;0;2;1;1;0;9,86;;5;3;2;0;5;0;1;1;1;4;16;10;11;9;5;1;-1;-1;59;41;1.34;0.80;2.36;1.83;2.45;28;79;41;14;7;28;80;26;72;4.82;4.09;1.49;3.95;5.40;0.00;1.80;0.00;0.00;0.00;0.00;Estadio de Excursionistas (Capital Federal- Ciudad de Buenos Aires)
1687708800;Jun 25 2023 - 4:00pm;complete;N/A;Independiente Women;Belgrano W;N/A;19;1.63;1.25;2.00;1.00;2;0;2;1;1;0;39,77;;6;8;3;0;1;0;1;2;0;1;14;8;8;7;6;1;-1;-1;50;50;1.28;1.41;2.06;1.55;1.76;13;57;19;7;0;7;38;32;88;7.63;4.42;2.80;2.96;2.25;0.00;2.10;0.00;0.00;0.00;0.00;Predio Independiente - Complejo Santo Domingo (Avellaneda- Provincia de Buenos Aires)
1687708800;Jun 25 2023 - 4:00pm;complete;N/A;Estudiantes La Plata Women;River Plate Women;N/A;19;0.75;1.25;0.60;1.44;1;2;3;1;0;1;84;39,81;0;5;2;0;3;0;1;1;0;3;10;12;5;3;5;9;-1;-1;50;50;1.03;1.51;1.55;1.49;2.13;19;63;44;13;0;26;75;26;75;7.25;7.50;4.02;2.96;1.92;0.00;1.82;0.00;0.00;0.00;0.00;Country Club de Estudiantes de La Plata (La Plata- Provincia de Buenos Aires)
1687716000;Jun 25 2023 - 6:00pm;complete;N/A;San Lorenzo Women;Platense Women;N/A;19;1.38;1.25;1.82;1.30;2;0;2;2;2;0;14,36;;6;2;0;0;3;0;0;0;2;1;7;3;4;2;3;1;-1;-1;50;50;1.76;1.34;0.89;0.45;2.50;38;76;50;25;13;38;57;32;76;8.13;5.14;1.95;3.20;3.50;0.00;1.86;0.00;0.00;0.00;0.00;Cancha Auxiliar San Lorenzo (Capital Federal- Ciudad de Buenos Aires)
1687788000;Jun 26 2023 - 2:00pm;complete;N/A;Ferro Carril Oeste Women;HuracÇ­n Women;N/A;19;1.75;0.71;1.91;0.64;1;0;1;0;0;0;60;;3;7;5;0;2;0;1;4;1;1;4;13;3;8;1;5;-1;-1;50;50;1.64;1.22;0.82;1.83;2.31;48;81;32;19;7;34;67;32;73;5.92;5.10;2.63;3.10;2.45;0.00;2.10;0.00;0.00;0.00;0.00;Predio Ferro Pontevedra (Pontevedra- Provincia de Buenos Aires)
1687802400;Jun 26 2023 - 6:00pm;complete;N/A;Lanus Women;Banfield W;N/A;19;0.78;1.33;0.67;1.58;0;3;3;0;0;0;;53,61,86;2;4;3;0;2;0;2;1;0;2;4;12;3;8;1;4;-1;-1;50;50;1.06;1.53;0.90;1.90;2.45;39;73;50;22;6;22;73;39;78;7.45;5.50;3.60;3.30;1.91;0.00;1.89;0.00;0.00;0.00;0.00;Predio LanÇ§s Auxiliar (ValentÇðn Alsina- Provincia de Buenos Aires)
1688162400;Jun 30 2023 - 10:00pm;complete;N/A;UAI Urquiza Women;Boca Juniors Women;N/A;N/A;2.53;2.53;2.48;2.61;0;1;1;0;0;0;;;3;5;-1;-1;-1;-1;-1;-1;-1;-1;-1;-1;-1;-1;-1;-1;-1;-1;-1;-1;1.88;1.73;0.00;0.00;2.63;24;69;42;24;16;37;68;32;71;10.79;3.68;2.63;3.00;2.55;1.49;2.25;0.00;0.00;0.00;0.00;Estadio Libertadores de AmÇ¸rica (Avellaneda- Provincia de Buenos Aires)
1688234400;Jul 01 2023 - 6:00pm;complete;N/A;Excursionistas Women;HuracÇ­n Women;N/A;2;1.75;0.63;1.80;0.64;1;1;2;0;0;0;;;-1;-1;-1;-1;-1;-1;-1;-1;-1;-1;-1;-1;-1;-1;-1;-1;-1;-1;-1;-1;1.47;1.30;0.00;0.00;1.94;44;69;26;7;0;32;69;13;63;6.63;5.18;4.25;3.42;1.78;0.00;2.00;0.00;0.00;0.00;0.00;Estadio de Excursionistas (Capital Federal- Ciudad de Buenos Aires)
1692382500;Aug 18 2023 - 6:15pm;suspended;-1;Platense Women;River Plate Women;N/A;1;2.50;1.44;2.50;1.44;0;0;0;0;0;0;;;-1;-1;-1;-1;-1;-1;-1;-1;-1;-1;-1;-1;-1;-1;-1;-1;-1;-1;-1;-1;1.76;1.51;0.00;0.00;2.16;26;74;43;5;0;11;69;52;79;10.64;5.40;3.60;3.90;1.86;0.00;1.65;0.00;0.00;0.00;0.00;N/A
1692453600;Aug 19 2023 - 2:00pm;complete;N/A;Lanus Women;Excursionistas Women;N/A;1;0.70;0.90;0.67;0.83;0;0;0;0;0;0;;;2;2;-1;-1;-1;-1;-1;-1;-1;-1;5;2;2;0;3;2;-1;-1;50;50;1.04;1.10;0.63;0.35;2.55;40;70;55;25;5;25;55;35;80;5.90;4.44;2.75;3.60;2.10;0.00;1.86;0.00;0.00;0.00;0.00;Predio LanÇ§s Auxiliar (ValentÇðn Alsina- Provincia de Buenos Aires)
1692460800;Aug 19 2023 - 4:00pm;complete;N/A;Racing Club Women;Gimnasia La Plata W;N/A;1;1.50;1.00;1.75;0.82;1;0;1;0;0;0;62;;2;2;-1;-1;-1;-1;-1;-1;-1;-1;12;10;6;6;6;4;-1;-1;-1;-1;1.39;1.30;1.71;1.50;2.06;32;49;32;21;11;21;69;27;64;7.07;6.90;1.50;3.75;5.50;0.00;2.02;0.00;0.00;0.00;0.00;Tita Mattiusi Predio Racing Club (SarandÇð- Provincia de Buenos Aires)
1692468600;Aug 19 2023 - 6:10pm;complete;N/A;Boca Juniors Women;HuracÇ­n Women;N/A;1;3.00;0.67;3.00;0.64;3;0;3;0;0;0;46,50,51;;5;2;1;0;3;0;1;0;0;3;14;3;8;3;6;0;-1;-1;50;50;1.89;1.30;2.00;0.74;2.39;34;78;34;11;11;33;62;34;73;8.53;5.43;1.06;10.50;26.00;0.00;1.30;1.73;0.00;0.00;0.00;Complejo Casa Amarilla Pedro Pompilio (Ciudad de Buenos Aires)
1692532800;Aug 20 2023 - 12:00pm;complete;N/A;Estudiantes Caseros W;Rosario Central W;N/A;1;1.22;2.60;1.55;2.25;2;0;2;1;1;0;10,89;;6;5;3;0;2;0;3;0;2;0;15;12;12;6;3;6;-1;-1;50;50;1.68;1.44;2.33;1.79;2.87;43;90;49;22;11;32;69;42;68;6.52;5.69;9.00;4.00;1.33;0.00;1.96;0.00;0.00;0.00;0.00;Predio MartÇðn Coronado (MartÇðn Coronado- Provincia de Buenos Aires)
1692547200;Aug 20 2023 - 4:00pm;complete;N/A;Independiente Women;Defensores de Belgrano W;N/A;1;1.78;0.00;2.00;0.00;2;0;2;1;1;0;4,5;;1;5;3;0;1;0;0;3;1;0;14;5;9;3;5;2;-1;-1;50;50;1.37;0.91;2.25;1.05;2.39;11;95;22;11;6;6;73;39;100;5.89;4.89;1.24;5.25;9.25;0.00;1.72;0.00;0.00;0.00;0.00;Predio Independiente - Complejo Santo Domingo (Avellaneda- Provincia de Buenos Aires)
1692554400;Aug 20 2023 - 6:00pm;complete;N/A;SAT W;Banfield W;N/A;1;0.78;1.50;0.73;1.58;1;3;4;2;0;2;70;33,42,60;3;3;4;0;1;0;1;3;0;1;17;14;6;10;11;4;-1;-1;50;50;1.33;1.57;1.87;2.01;2.36;37;74;36;16;11;27;63;41;74;7.02;5.40;2.30;3.10;2.70;0.00;2.14;0.00;0.00;0.00;0.00;Camping Moreno SATSAID (Moreno- Provincia de Buenos Aires)
1692633600;Aug 21 2023 - 4:00pm;complete;N/A;Ferro Carril Oeste Women;El Porvenir Women;N/A;1;1.89;0.44;1.91;0.40;2;1;3;2;2;0;16,4;64;5;2;5;0;3;0;2;3;1;2;11;5;3;2;8;3;-1;-1;58;42;1.55;1.05;1.49;0.89;2.95;33;67;50;45;17;33;62;39;73;6.67;6.02;1.53;3.90;4.75;0.00;1.80;0.00;0.00;0.00;0.00;Predio Ferro Pontevedra (Pontevedra- Provincia de Buenos Aires)
1692641400;Aug 21 2023 - 6:10pm;complete;N/A;UAI Urquiza Women;Estudiantes La Plata Women;N/A;1;2.09;0.90;2.23;0.75;2;1;3;1;1;0;34,56;49;5;1;2;1;1;0;0;3;1;0;19;7;10;5;9;2;-1;-1;57;43;1.88;1.39;2.36;1.07;2.62;34;67;48;24;14;24;53;33;62;11.11;4.27;1.14;6.00;21.00;0.00;1.61;0.00;0.00;0.00;0.00;Estadio Monumental de Villa Lynch (General San MartÇðn- Provincia de Buenos Aires)
1692727200;Aug 22 2023 - 6:00pm;complete;N/A;San Lorenzo Women;Belgrano W;N/A;1;1.56;1.11;1.82;1.00;1;0;1;1;1;0;24;;2;3;4;1;3;0;0;5;1;2;11;8;4;4;7;4;-1;-1;59;41;1.66;1.43;1.55;1.34;2.06;17;61;33;11;11;22;50;22;78;8.89;3.51;1.61;3.60;4.40;0.00;1.63;0.00;0.00;0.00;0.00;Ciudad Deportiva de Rosario Central (Granadero Baigorria- Santa Fe)
1692986400;Aug 25 2023 - 6:00pm;complete;N/A;Huracan Women;LanÇ§s Women;N/A;2;2.10;0.00;1.91;0.30;2;3;5;0;0;0;60,83;53,67,81;6;4;3;0;3;0;2;1;2;1;8;6;8;4;0;2;-1;-1;43;57;1.47;1.04;1.60;1.08;2.47;27;75;33;27;17;39;69;33;75;8.36;5.33;1.35;4.10;7.95;0.00;2.10;0.00;0.00;0.00;0.00;Predio La Quemita (Capital Federal- Ciudad de Buenos Aires)
1693065600;Aug 26 2023 - 4:00pm;complete;N/A;Excursionistas Women;Ferro Carril Oeste Women;N/A;2;1.67;0.30;1.80;0.27;3;1;4;2;1;1;8,47,9004;18;6;1;3;0;2;0;2;1;0;2;6;7;4;2;2;5;-1;-1;57;43;1.47;1.17;0.95;1.05;2.16;22;64;32;16;5;32;74;21;52;6.38;4.05;1.83;3.40;3.90;0.00;1.70;0.00;0.00;0.00;0.00;Estadio de Excursionistas (Capital Federal- Ciudad de Buenos Aires)
1693073400;Aug 26 2023 - 6:10pm;complete;N/A;Boca Juniors Women;Estudiantes Caseros W;N/A;2;3.00;1.00;3.00;0.91;3;1;4;1;0;1;49,70,89;28;11;1;0;0;4;0;0;0;1;3;24;3;8;2;16;1;-1;-1;57;43;1.90;1.45;2.95;0.56;2.60;20;80;50;15;10;35;60;50;70;10.10;4.68;1.07;7.50;19.00;0.00;1.40;2.15;0.00;0.00;0.00;Complejo Casa Amarilla Pedro Pompilio (Ciudad de Buenos Aires)
1693087200;Aug 26 2023 - 10:00pm;suspended;-1;River Plate Women;San Lorenzo Women;N/A;2;2.30;1.50;2.30;1.50;0;0;0;0;0;0;;;-1;-1;-1;-1;-1;-1;-1;-1;-1;-1;-1;-1;-1;-1;-1;-1;-1;-1;-1;-1;1.85;1.84;0.00;0.00;2.45;50;95;55;0;0;45;75;35;70;7.50;3.68;0.00;0.00;0.00;0.00;0.00;0.00;0.00;0.00;0.00;N/A
1693144800;Aug 27 2023 - 2:00pm;complete;N/A;Belgrano W;Banfield W;N/A;2;1.80;1.64;1.73;1.58;1;1;2;0;0;0;56;48;7;5;2;0;4;0;1;1;0;4;12;6;4;3;8;3;-1;-1;50;50;1.79;1.61;1.55;1.18;2.92;33;86;58;34;15;29;77;52;86;8.73;5.11;1.91;3.30;3.50;0.00;1.90;0.00;0.00;0.00;0.00;Predio Armando PÇ¸rez (CÇürdoba- Provincia de CÇürdoba)
1693144800;Aug 27 2023 - 2:00pm;complete;N/A;El Porvenir Women;Racing Club Women;N/A;2;1.10;1.78;1.00;1.90;0;3;3;2;0;2;;4,36,84;3;6;3;0;0;0;2;1;0;0;7;12;3;8;4;4;-1;-1;36;64;1.09;1.41;0.87;1.66;2.74;25;68;52;16;11;16;47;47;84;6.10;5.83;9.00;4.00;1.33;0.00;1.61;0.00;0.00;0.00;0.00;Estadio Gildo Francisco Ghersinich (Gerli- Provincia de Buenos Aires)
1693152000;Aug 27 2023 - 4:00pm;complete;N/A;Estudiantes La Plata Women;Platense Women;N/A;2;0.67;1.11;0.60;1.30;1;2;3;3;1;2;24;3,4502;3;4;4;0;4;0;1;3;4;0;6;7;2;6;4;1;-1;-1;50;50;1.09;1.25;0.85;1.35;2.28;44;67;44;22;0;45;67;22;67;5.56;7.72;4.41;3.52;1.76;0.00;1.88;0.00;0.00;0.00;0.00;Country Club de Estudiantes de La Plata (La Plata- Provincia de Buenos Aires)
1693159200;Aug 27 2023 - 6:00pm;complete;N/A;Gimnasia La Plata W;Rosario Central W;N/A;2;1.30;2.36;1.27;2.25;0;0;0;0;0;0;;;6;10;-1;-1;-1;-1;-1;-1;-1;-1;12;12;6;6;6;6;-1;-1;-1;-1;1.31;1.48;1.62;1.73;2.18;29;66;24;15;10;19;67;38;61;8.00;4.25;6.54;4.05;1.47;0.00;1.83;0.00;0.00;0.00;0.00;Estadio Juan Carmelo Zerillo (La Plata- Provincia de Buenos Aires)
1693161300;Aug 27 2023 - 6:35pm;complete;N/A;Defensores de Belgrano W;UAI Urquiza Women;N/A;2;0.80;2.78;0.73;2.80;0;1;1;1;0;1;;29;1;11;2;0;1;0;1;1;0;1;6;12;3;6;3;6;-1;-1;41;59;1.02;1.98;1.00;2.00;2.67;32;58;37;21;16;32;69;26;74;7.19;4.45;22.78;13.37;1.03;0.00;1.13;1.70;0.00;0.00;0.00;Estadio Juan Pasquale (Capital Federal- Ciudad de Buenos Aires)
1693245600;Aug 28 2023 - 6:00pm;complete;N/A;Independiente Women;SAT W;N/A;2;1.90;1.50;2.00;1.36;2;1;3;1;1;0;22,83;85;4;1;1;0;3;0;0;1;1;2;12;10;6;5;6;5;-1;-1;57;43;1.46;1.16;1.62;1.30;2.20;30;80;30;15;0;25;75;30;70;6.00;5.41;1.75;3.40;3.95;0.00;1.97;0.00;0.00;0.00;0.00;Estadio Libertadores de AmÇ¸rica (Avellaneda- Provincia de Buenos Aires)
1693663200;Sep 02 2023 - 2:00pm;complete;N/A;SAT W;Belgrano W;N/A;3;0.70;1.00;0.73;1.00;1;1;2;1;0;1;90;18;2;4;3;0;2;1;1;2;0;3;9;14;3;7;6;7;-1;-1;48;52;1.38;1.42;1.04;1.74;1.85;30;50;25;10;5;30;50;20;70;7.80;4.89;3.75;3.13;1.87;0.00;2.15;0.00;0.00;0.00;0.00;Camping Moreno SATSAID (Moreno- Provincia de Buenos Aires)
1693667400;Sep 02 2023 - 3:10pm;complete;N/A;Lanus Women;Boca Juniors Women;N/A;3;0.73;2.18;0.67;2.25;0;3;3;1;0;1;;10,62,9002;2;10;1;0;1;0;1;0;1;0;6;16;4;7;2;9;-1;-1;40;60;1.01;1.73;0.92;2.37;2.18;32;64;41;18;5;32;60;23;69;8.16;4.56;23.00;8.70;1.09;0.00;1.42;2.13;0.00;0.00;0.00;Predio LanÇ§s Auxiliar (ValentÇðn Alsina- Provincia de Buenos Aires)
1693677600;Sep 02 2023 - 6:00pm;complete;N/A;UAI Urquiza Women;Independiente Women;N/A;3;2.17;1.40;2.23;1.27;3;2;5;3;1;2;37,54,68;2,26;3;2;5;0;2;0;2;3;1;1;8;7;4;4;4;3;-1;-1;50;50;1.93;1.47;1.22;1.14;2.38;33;59;31;23;14;14;49;36;74;11.30;4.27;1.27;4.75;9.00;0.00;1.90;0.00;0.00;0.00;0.00;Estadio Monumental de Villa Lynch (General San MartÇðn- Provincia de Buenos Aires)
1693749600;Sep 03 2023 - 2:00pm;complete;N/A;Ferro Carril Oeste Women;HuracÇ­n Women;N/A;3;2.00;0.60;1.91;0.64;0;0;0;0;0;0;;;4;2;-1;-1;-1;-1;-1;-1;-1;-1;2;0;2;0;0;0;-1;-1;48;52;1.55;1.24;0.00;0.00;2.25;45;75;35;15;5;30;55;30;75;6.46;5.60;2.98;3.06;2.19;0.00;2.10;0.00;0.00;0.00;0.00;Predio Ferro Pontevedra (Pontevedra- Provincia de Buenos Aires)
1693756800;Sep 03 2023 - 4:00pm;complete;N/A;Racing Club Women;Excursionistas Women;N/A;3;1.64;0.91;1.75;0.83;4;0;4;2;2;0;14,33,58,83;;8;2;0;0;2;0;0;0;1;1;8;4;7;4;1;0;-1;-1;54;46;1.42;1.03;1.64;0.97;2.14;27;46;36;23;9;18;55;27;69;5.63;5.78;1.31;4.50;6.39;0.00;1.70;0.00;0.00;0.00;0.00;Tita Mattiusi Predio Racing Club (SarandÇð- Provincia de Buenos Aires)
1693766100;Sep 03 2023 - 6:35pm;complete;N/A;Estudiantes Caseros W;Gimnasia La Plata W;N/A;3;1.40;0.90;1.55;0.82;1;0;1;1;1;0;13;;5;5;3;0;3;1;0;3;1;3;11;18;3;9;8;9;-1;-1;-1;-1;1.75;1.32;1.33;2.26;2.65;45;80;50;25;10;30;70;35;65;6.50;6.11;2.42;3.01;2.54;0.00;1.95;0.00;0.00;0.00;0.00;Estadio Ciudad de Caseros (Caseros- Provincia de Buenos Aires)
1693839600;Sep 04 2023 - 3:00pm;complete;N/A;San Lorenzo Women;Estudiantes La Plata Women;N/A;3;1.70;0.82;1.82;0.75;1;0;1;0;0;0;;;2;5;-1;-1;-1;-1;-1;-1;-1;-1;18;6;12;4;6;2;-1;-1;50;50;1.65;1.36;2.57;1.13;2.53;38;77;52;19;15;29;63;33;67;7.63;4.59;1.42;4.00;7.00;0.00;1.88;0.00;0.00;0.00;0.00;Ciudad Deportiva de Rosario Central (Granadero Baigorria- Santa Fe)
1693850400;Sep 04 2023 - 6:00pm;incomplete;-1;Banfield W;River Plate Women;N/A;3;0.89;1.44;0.89;1.44;0;0;0;0;0;0;;;-1;-1;-1;-1;-1;-1;-1;-1;-1;-1;-1;-1;-1;-1;-1;-1;-1;-1;-1;-1;1.39;1.51;0.00;0.00;1.78;11;56;39;0;0;17;56;28;61;9.11;6.17;5.80;3.85;1.58;0.00;2.00;0.00;0.00;0.00;0.00;N/A
1693851300;Sep 04 2023 - 6:15pm;incomplete;-1;Rosario Central W;El Porvenir Women;N/A;3;1.89;0.40;1.89;0.40;0;0;0;0;0;0;;;-1;-1;-1;-1;-1;-1;-1;-1;-1;-1;-1;-1;-1;-1;-1;-1;-1;-1;-1;-1;1.43;1.04;0.00;0.00;2.54;31;69;47;25;10;31;74;26;63;8.67;6.29;1.20;5.50;10.02;0.00;1.80;0.00;0.00;0.00;0.00;N/A
1693936800;Sep 05 2023 - 6:00pm;incomplete;-1;Platense Women;Defensores de Belgrano W;N/A;3;2.50;0.00;2.50;0.00;0;0;0;0;0;0;;;-1;-1;-1;-1;-1;-1;-1;-1;-1;-1;-1;-1;-1;-1;-1;-1;-1;-1;-1;-1;1.76;0.93;0.00;0.00;2.40;25;90;30;10;5;10;75;45;90;7.80;4.90;1.15;6.50;13.00;0.00;1.60;0.00;0.00;0.00;0.00;N/A
1694296800;Sep 09 2023 - 10:00pm;incomplete;-1;UAI Urquiza Women;SAT W;N/A;4;2.23;1.36;2.23;1.36;0;0;0;0;0;0;;;-1;-1;-1;-1;-1;-1;-1;-1;-1;-1;-1;-1;-1;-1;-1;-1;-1;-1;-1;-1;1.86;1.18;0.00;0.00;2.64;43;71;51;25;12;34;77;37;57;9.10;5.10;0.00;0.00;0.00;0.00;0.00;0.00;0.00;0.00;0.00;N/A
1694296800;Sep 09 2023 - 10:00pm;incomplete;-1;Independiente Women;Platense Women;N/A;4;2.00;1.30;2.00;1.30;0;0;0;0;0;0;;;-1;-1;-1;-1;-1;-1;-1;-1;-1;-1;-1;-1;-1;-1;-1;-1;-1;-1;-1;-1;1.47;1.26;0.00;0.00;2.24;34;81;34;15;0;30;62;33;75;7.36;5.74;0.00;0.00;0.00;0.00;0.00;0.00;0.00;0.00;0.00;N/A
1694296800;Sep 09 2023 - 10:00pm;incomplete;-1;Defensores de Belgrano W;San Lorenzo Women;N/A;4;0.73;1.50;0.73;1.50;0;0;0;0;0;0;;;-1;-1;-1;-1;-1;-1;-1;-1;-1;-1;-1;-1;-1;-1;-1;-1;-1;-1;-1;-1;1.02;1.84;0.00;0.00;2.61;39;73;44;9;9;24;67;43;72;5.38;3.28;0.00;0.00;0.00;0.00;0.00;0.00;0.00;0.00;0.00;N/A
1694296800;Sep 09 2023 - 10:00pm;incomplete;-1;Estudiantes La Plata Women;Banfield W;N/A;4;0.60;1.58;0.60;1.58;0;0;0;0;0;0;;;-1;-1;-1;-1;-1;-1;-1;-1;-1;-1;-1;-1;-1;-1;-1;-1;-1;-1;-1;-1;1.07;1.57;0.00;0.00;2.54;46;77;50;23;4;29;74;44;77;5.53;7.03;0.00;0.00;0.00;0.00;0.00;0.00;0.00;0.00;0.00;N/A
1694296800;Sep 09 2023 - 10:00pm;incomplete;-1;River Plate Women;Belgrano W;N/A;4;2.30;1.00;2.30;1.00;0;0;0;0;0;0;;;-1;-1;-1;-1;-1;-1;-1;-1;-1;-1;-1;-1;-1;-1;-1;-1;-1;-1;-1;-1;1.85;1.45;0.00;0.00;1.98;34;68;34;0;0;35;63;15;72;8.85;4.70;0.00;0.00;0.00;0.00;0.00;0.00;0.00;0.00;0.00;N/A
1694296800;Sep 09 2023 - 10:00pm;incomplete;-1;Lanus Women;Estudiantes Caseros W;N/A;4;0.67;0.91;0.67;0.91;0;0;0;0;0;0;;;-1;-1;-1;-1;-1;-1;-1;-1;-1;-1;-1;-1;-1;-1;-1;-1;-1;-1;-1;-1;1.00;1.37;0.00;0.00;2.31;35;75;52;18;0;26;61;39;70;8.16;5.30;0.00;0.00;0.00;0.00;0.00;0.00;0.00;0.00;0.00;N/A
1694296800;Sep 09 2023 - 10:00pm;incomplete;-1;Boca Juniors Women;Ferro Carril Oeste Women;N/A;4;3.00;0.27;3.00;0.27;0;0;0;0;0;0;;;-1;-1;-1;-1;-1;-1;-1;-1;-1;-1;-1;-1;-1;-1;-1;-1;-1;-1;-1;-1;2.00;1.16;0.00;0.00;2.73;14;73;50;27;14;36;73;50;73;8.63;4.00;0.00;0.00;0.00;0.00;0.00;0.00;0.00;0.00;0.00;N/A
1694296800;Sep 09 2023 - 10:00pm;incomplete;-1;Huracan Women;Racing Club Women;N/A;4;1.91;1.90;1.91;1.90;0;0;0;0;0;0;;;-1;-1;-1;-1;-1;-1;-1;-1;-1;-1;-1;-1;-1;-1;-1;-1;-1;-1;-1;-1;1.48;1.43;0.00;0.00;2.26;14;58;29;14;10;15;53;29;67;9.11;5.78;0.00;0.00;0.00;0.00;0.00;0.00;0.00;0.00;0.00;N/A
1694296800;Sep 09 2023 - 10:00pm;incomplete;-1;Excursionistas Women;Rosario Central W;N/A;4;1.80;2.25;1.80;2.25;0;0;0;0;0;0;;;-1;-1;-1;-1;-1;-1;-1;-1;-1;-1;-1;-1;-1;-1;-1;-1;-1;-1;-1;-1;1.41;1.50;0.00;0.00;2.24;38;73;29;14;4;29;64;27;63;7.77;4.39;0.00;0.00;0.00;0.00;0.00;0.00;0.00;0.00;0.00;N/A
1694296800;Sep 09 2023 - 10:00pm;incomplete;-1;El Porvenir Women;Gimnasia La Plata W;N/A;4;1.00;0.82;1.00;0.82;0;0;0;0;0;0;;;-1;-1;-1;-1;-1;-1;-1;-1;-1;-1;-1;-1;-1;-1;-1;-1;-1;-1;-1;-1;1.07;1.42;0.00;0.00;2.41;41;69;50;18;9;23;60;36;82;5.82;5.98;0.00;0.00;0.00;0.00;0.00;0.00;0.00;0.00;0.00;N/A
1694901600;Sep 16 2023 - 10:00pm;incomplete;-1;Belgrano W;Rosario Central W;N/A;5;1.73;2.25;1.73;2.25;0;0;0;0;0;0;;;-1;-1;-1;-1;-1;-1;-1;-1;-1;-1;-1;-1;-1;-1;-1;-1;-1;-1;-1;-1;1.76;1.50;0.00;0.00;2.59;31;83;36;22;13;27;66;39;83;9.73;4.83;0.00;0.00;0.00;0.00;0.00;0.00;0.00;0.00;0.00;N/A
1694901600;Sep 16 2023 - 10:00pm;incomplete;-1;Huracan Women;San Lorenzo Women;N/A;5;1.91;1.50;1.91;1.50;0;0;0;0;0;0;;;-1;-1;-1;-1;-1;-1;-1;-1;-1;-1;-1;-1;-1;-1;-1;-1;-1;-1;-1;-1;1.48;1.84;0.00;0.00;2.11;39;73;39;9;5;20;63;34;67;8.11;4.38;0.00;0.00;0.00;0.00;0.00;0.00;0.00;0.00;0.00;N/A
1694901600;Sep 16 2023 - 10:00pm;incomplete;-1;River Plate Women;Boca Juniors Women;N/A;5;2.30;2.25;2.30;2.25;0;0;0;0;0;0;;;-1;-1;-1;-1;-1;-1;-1;-1;-1;-1;-1;-1;-1;-1;-1;-1;-1;-1;-1;-1;1.85;1.79;0.00;0.00;2.38;38;84;42;9;4;47;74;23;69;9.57;4.21;0.00;0.00;0.00;0.00;0.00;0.00;0.00;0.00;0.00;N/A
1694901600;Sep 16 2023 - 10:00pm;incomplete;-1;El Porvenir Women;SAT W;N/A;5;1.00;1.36;1.00;1.36;0;0;0;0;0;0;;;-1;-1;-1;-1;-1;-1;-1;-1;-1;-1;-1;-1;-1;-1;-1;-1;-1;-1;-1;-1;1.07;1.18;0.00;0.00;2.59;50;78;64;18;5;36;73;36;73;4.73;5.83;0.00;0.00;0.00;0.00;0.00;0.00;0.00;0.00;0.00;N/A
1694901600;Sep 16 2023 - 10:00pm;incomplete;-1;UAI Urquiza Women;Estudiantes Caseros W;N/A;5;2.23;0.91;2.23;0.91;0;0;0;0;0;0;;;-1;-1;-1;-1;-1;-1;-1;-1;-1;-1;-1;-1;-1;-1;-1;-1;-1;-1;-1;-1;1.86;1.37;0.00;0.00;2.64;34;76;46;25;12;25;63;46;67;11.46;4.90;0.00;0.00;0.00;0.00;0.00;0.00;0.00;0.00;0.00;N/A
1694901600;Sep 16 2023 - 10:00pm;incomplete;-1;Gimnasia La Plata W;Estudiantes La Plata Women;N/A;5;1.27;0.75;1.27;0.75;0;0;0;0;0;0;;;-1;-1;-1;-1;-1;-1;-1;-1;-1;-1;-1;-1;-1;-1;-1;-1;-1;-1;-1;-1;1.34;1.34;0.00;0.00;2.12;39;56;43;18;9;22;57;35;47;8.01;4.45;0.00;0.00;0.00;0.00;0.00;0.00;0.00;0.00;0.00;N/A
1694901600;Sep 16 2023 - 10:00pm;incomplete;-1;Platense Women;Ferro Carril Oeste Women;N/A;5;2.50;0.27;2.50;0.27;0;0;0;0;0;0;;;-1;-1;-1;-1;-1;-1;-1;-1;-1;-1;-1;-1;-1;-1;-1;-1;-1;-1;-1;-1;1.76;1.16;0.00;0.00;2.28;25;72;33;19;5;23;71;48;72;8.47;4.67;0.00;0.00;0.00;0.00;0.00;0.00;0.00;0.00;0.00;N/A
1694901600;Sep 16 2023 - 10:00pm;incomplete;-1;Racing Club Women;Independiente Women;N/A;5;1.75;1.27;1.75;1.27;0;0;0;0;0;0;;;-1;-1;-1;-1;-1;-1;-1;-1;-1;-1;-1;-1;-1;-1;-1;-1;-1;-1;-1;-1;1.44;1.44;0.00;0.00;2.14;31;44;30;26;13;22;56;31;75;7.85;6.10;0.00;0.00;0.00;0.00;0.00;0.00;0.00;0.00;0.00;N/A
1694901600;Sep 16 2023 - 10:00pm;incomplete;-1;Banfield W;LanÇ§s Women;N/A;5;0.89;0.30;0.89;0.30;0;0;0;0;0;0;;;-1;-1;-1;-1;-1;-1;-1;-1;-1;-1;-1;-1;-1;-1;-1;-1;-1;-1;-1;-1;1.39;1.04;0.00;0.00;2.52;26;72;41;25;20;41;52;36;67;7.27;5.57;0.00;0.00;0.00;0.00;0.00;0.00;0.00;0.00;0.00;N/A
1694901600;Sep 16 2023 - 10:00pm;incomplete;-1;Defensores de Belgrano W;Excursionistas Women;N/A;5;0.73;0.83;0.73;0.83;0;0;0;0;0;0;;;-1;-1;-1;-1;-1;-1;-1;-1;-1;-1;-1;-1;-1;-1;-1;-1;-1;-1;-1;-1;1.02;1.02;0.00;0.00;2.70;30;61;39;26;13;22;57;39;74;4.51;3.79;0.00;0.00;0.00;0.00;0.00;0.00;0.00;0.00;0.00;N/A
1695506400;Sep 23 2023 - 10:00pm;incomplete;-1;SAT W;River Plate Women;N/A;6;0.73;1.44;0.73;1.44;0;0;0;0;0;0;;;-1;-1;-1;-1;-1;-1;-1;-1;-1;-1;-1;-1;-1;-1;-1;-1;-1;-1;-1;-1;1.35;1.51;0.00;0.00;2.19;33;70;42;9;5;28;71;36;76;8.53;5.70;0.00;0.00;0.00;0.00;0.00;0.00;0.00;0.00;0.00;N/A
1695506400;Sep 23 2023 - 10:00pm;incomplete;-1;Belgrano W;Estudiantes La Plata Women;N/A;6;1.73;0.75;1.73;0.75;0;0;0;0;0;0;;;-1;-1;-1;-1;-1;-1;-1;-1;-1;-1;-1;-1;-1;-1;-1;-1;-1;-1;-1;-1;1.76;1.34;0.00;0.00;2.71;43;79;57;27;13;31;62;39;75;9.01;5.03;0.00;0.00;0.00;0.00;0.00;0.00;0.00;0.00;0.00;N/A
1695506400;Sep 23 2023 - 10:00pm;incomplete;-1;Banfield W;Defensores de Belgrano W;N/A;6;0.89;0.00;0.89;0.00;0;0;0;0;0;0;;;-1;-1;-1;-1;-1;-1;-1;-1;-1;-1;-1;-1;-1;-1;-1;-1;-1;-1;-1;-1;1.39;0.93;0.00;0.00;2.02;11;72;26;5;5;16;62;21;72;6.27;5.67;0.00;0.00;0.00;0.00;0.00;0.00;0.00;0.00;0.00;N/A
1695506400;Sep 23 2023 - 10:00pm;incomplete;-1;San Lorenzo Women;Independiente Women;N/A;6;1.82;1.27;1.82;1.27;0;0;0;0;0;0;;;-1;-1;-1;-1;-1;-1;-1;-1;-1;-1;-1;-1;-1;-1;-1;-1;-1;-1;-1;-1;1.74;1.44;0.00;0.00;2.32;32;64;32;23;18;23;55;32;73;7.91;4.44;0.00;0.00;0.00;0.00;0.00;0.00;0.00;0.00;0.00;N/A
1695506400;Sep 23 2023 - 10:00pm;incomplete;-1;Platense Women;UAI Urquiza Women;N/A;6;2.50;2.80;2.50;2.80;0;0;0;0;0;0;;;-1;-1;-1;-1;-1;-1;-1;-1;-1;-1;-1;-1;-1;-1;-1;-1;-1;-1;-1;-1;1.76;1.98;0.00;0.00;2.20;35;65;35;15;5;25;70;35;70;10.70;4.80;0.00;0.00;0.00;0.00;0.00;0.00;0.00;0.00;0.00;N/A
1695506400;Sep 23 2023 - 10:00pm;incomplete;-1;Estudiantes Caseros W;El Porvenir Women;N/A;6;1.55;0.40;1.55;0.40;0;0;0;0;0;0;;;-1;-1;-1;-1;-1;-1;-1;-1;-1;-1;-1;-1;-1;-1;-1;-1;-1;-1;-1;-1;1.71;1.04;0.00;0.00;3.15;43;81;62;39;15;38;76;33;63;6.98;7.10;0.00;0.00;0.00;0.00;0.00;0.00;0.00;0.00;0.00;N/A
1695506400;Sep 23 2023 - 10:00pm;incomplete;-1;Gimnasia La Plata W;Excursionistas Women;N/A;6;1.27;0.83;1.27;0.83;0;0;0;0;0;0;;;-1;-1;-1;-1;-1;-1;-1;-1;-1;-1;-1;-1;-1;-1;-1;-1;-1;-1;-1;-1;1.34;1.02;0.00;0.00;2.20;30;56;39;26;9;22;57;39;56;6.51;3.64;0.00;0.00;0.00;0.00;0.00;0.00;0.00;0.00;0.00;N/A
1695506400;Sep 23 2023 - 10:00pm;incomplete;-1;Rosario Central W;HuracÇ­n Women;N/A;6;1.89;0.64;1.89;0.64;0;0;0;0;0;0;;;-1;-1;-1;-1;-1;-1;-1;-1;-1;-1;-1;-1;-1;-1;-1;-1;-1;-1;-1;-1;1.43;1.24;0.00;0.00;1.76;34;70;26;0;0;20;62;20;60;8.29;5.67;0.00;0.00;0.00;0.00;0.00;0.00;0.00;0.00;0.00;N/A
1695506400;Sep 23 2023 - 10:00pm;incomplete;-1;Racing Club Women;Boca Juniors Women;N/A;6;1.75;2.25;1.75;2.25;0;0;0;0;0;0;;;-1;-1;-1;-1;-1;-1;-1;-1;-1;-1;-1;-1;-1;-1;-1;-1;-1;-1;-1;-1;1.44;1.79;0.00;0.00;2.13;21;50;33;21;8;29;67;25;67;8.94;5.46;0.00;0.00;0.00;0.00;0.00;0.00;0.00;0.00;0.00;N/A
1695506400;Sep 23 2023 - 10:00pm;incomplete;-1;Ferro Carril Oeste Women;LanÇ§s Women;N/A;6;1.91;0.30;1.91;0.30;0;0;0;0;0;0;;;-1;-1;-1;-1;-1;-1;-1;-1;-1;-1;-1;-1;-1;-1;-1;-1;-1;-1;-1;-1;1.55;1.04;0.00;0.00;2.98;38;82;53;39;25;48;63;48;82;6.60;4.62;0.00;0.00;0.00;0.00;0.00;0.00;0.00;0.00;0.00;N/A
1696111200;Sep 30 2023 - 10:00pm;incomplete;-1;Platense Women;SAT W;N/A;7;2.50;1.36;2.50;1.36;0;0;0;0;0;0;;;-1;-1;-1;-1;-1;-1;-1;-1;-1;-1;-1;-1;-1;-1;-1;-1;-1;-1;-1;-1;1.76;1.18;0.00;0.00;2.28;48;77;43;14;0;28;76;44;63;7.75;5.50;0.00;0.00;0.00;0.00;0.00;0.00;0.00;0.00;0.00;N/A
1696111200;Sep 30 2023 - 10:00pm;incomplete;-1;UAI Urquiza Women;San Lorenzo Women;N/A;7;2.23;1.50;2.23;1.50;0;0;0;0;0;0;;;-1;-1;-1;-1;-1;-1;-1;-1;-1;-1;-1;-1;-1;-1;-1;-1;-1;-1;-1;-1;1.86;1.84;0.00;0.00;2.66;41;80;53;16;12;27;66;48;70;9.75;3.38;0.00;0.00;0.00;0.00;0.00;0.00;0.00;0.00;0.00;N/A
1696111200;Sep 30 2023 - 10:00pm;incomplete;-1;Independiente Women;Banfield W;N/A;7;2.00;1.58;2.00;1.58;0;0;0;0;0;0;;;-1;-1;-1;-1;-1;-1;-1;-1;-1;-1;-1;-1;-1;-1;-1;-1;-1;-1;-1;-1;1.47;1.57;0.00;0.00;2.43;30;87;34;17;4;9;66;56;92;7.19;5.01;0.00;0.00;0.00;0.00;0.00;0.00;0.00;0.00;0.00;N/A
1696111200;Sep 30 2023 - 10:00pm;incomplete;-1;Defensores de Belgrano W;Belgrano W;N/A;7;0.73;1.00;0.73;1.00;0;0;0;0;0;0;;;-1;-1;-1;-1;-1;-1;-1;-1;-1;-1;-1;-1;-1;-1;-1;-1;-1;-1;-1;-1;1.02;1.45;0.00;0.00;2.14;23;46;23;9;9;14;55;23;73;6.73;4.30;0.00;0.00;0.00;0.00;0.00;0.00;0.00;0.00;0.00;N/A
1696111200;Sep 30 2023 - 10:00pm;incomplete;-1;Estudiantes La Plata Women;River Plate Women;N/A;7;0.60;1.44;0.60;1.44;0;0;0;0;0;0;;;-1;-1;-1;-1;-1;-1;-1;-1;-1;-1;-1;-1;-1;-1;-1;-1;-1;-1;-1;-1;1.07;1.51;0.00;0.00;2.26;31;69;53;10;0;26;79;32;74;7.14;7.20;0.00;0.00;0.00;0.00;0.00;0.00;0.00;0.00;0.00;N/A
1696111200;Sep 30 2023 - 10:00pm;incomplete;-1;Ferro Carril Oeste Women;Estudiantes Caseros W;N/A;7;1.91;0.91;1.91;0.91;0;0;0;0;0;0;;;-1;-1;-1;-1;-1;-1;-1;-1;-1;-1;-1;-1;-1;-1;-1;-1;-1;-1;-1;-1;1.55;1.37;0.00;0.00;2.36;36;73;45;23;5;32;60;41;69;7.91;5.12;0.00;0.00;0.00;0.00;0.00;0.00;0.00;0.00;0.00;N/A
1696111200;Sep 30 2023 - 10:00pm;incomplete;-1;Lanus Women;Racing Club Women;N/A;7;0.67;1.90;0.67;1.90;0;0;0;0;0;0;;;-1;-1;-1;-1;-1;-1;-1;-1;-1;-1;-1;-1;-1;-1;-1;-1;-1;-1;-1;-1;1.00;1.43;0.00;0.00;2.48;17;64;49;14;5;23;54;37;73;7.45;5.18;0.00;0.00;0.00;0.00;0.00;0.00;0.00;0.00;0.00;N/A
1696111200;Sep 30 2023 - 10:00pm;incomplete;-1;Boca Juniors Women;Rosario Central W;N/A;7;3.00;2.25;3.00;2.25;0;0;0;0;0;0;;;-1;-1;-1;-1;-1;-1;-1;-1;-1;-1;-1;-1;-1;-1;-1;-1;-1;-1;-1;-1;2.00;1.50;0.00;0.00;2.63;22;79;41;18;13;27;61;49;79;9.91;4.23;0.00;0.00;0.00;0.00;0.00;0.00;0.00;0.00;0.00;N/A
1696111200;Sep 30 2023 - 10:00pm;incomplete;-1;Huracan Women;Gimnasia La Plata W;N/A;7;1.91;0.82;1.91;0.82;0;0;0;0;0;0;;;-1;-1;-1;-1;-1;-1;-1;-1;-1;-1;-1;-1;-1;-1;-1;-1;-1;-1;-1;-1;1.48;1.42;0.00;0.00;1.91;32;55;23;18;9;14;60;23;64;8.55;6.25;0.00;0.00;0.00;0.00;0.00;0.00;0.00;0.00;0.00;N/A
1696111200;Sep 30 2023 - 10:00pm;incomplete;-1;Excursionistas Women;El Porvenir Women;N/A;7;1.80;0.40;1.80;0.40;0;0;0;0;0;0;;;-1;-1;-1;-1;-1;-1;-1;-1;-1;-1;-1;-1;-1;-1;-1;-1;-1;-1;-1;-1;1.41;1.04;0.00;0.00;2.80;45;70;50;35;10;40;70;25;60;7.00;5.89;0.00;0.00;0.00;0.00;0.00;0.00;0.00;0.00;0.00;N/A
1696716000;Oct 07 2023 - 10:00pm;incomplete;-1;SAT W;Estudiantes La Plata Women;N/A;8;0.73;0.75;0.73;0.75;0;0;0;0;0;0;;;-1;-1;-1;-1;-1;-1;-1;-1;-1;-1;-1;-1;-1;-1;-1;-1;-1;-1;-1;-1;1.35;1.34;0.00;0.00;2.35;53;70;43;18;9;35;57;30;66;6.92;5.40;0.00;0.00;0.00;0.00;0.00;0.00;0.00;0.00;0.00;N/A
1696716000;Oct 07 2023 - 10:00pm;incomplete;-1;River Plate Women;Defensores de Belgrano W;N/A;8;2.30;0.00;2.30;0.00;0;0;0;0;0;0;;;-1;-1;-1;-1;-1;-1;-1;-1;-1;-1;-1;-1;-1;-1;-1;-1;-1;-1;-1;-1;1.85;0.93;0.00;0.00;2.55;30;100;40;5;5;35;85;25;85;6.90;4.80;0.00;0.00;0.00;0.00;0.00;0.00;0.00;0.00;0.00;N/A
1696716000;Oct 07 2023 - 10:00pm;incomplete;-1;Belgrano W;Independiente Women;N/A;8;1.73;1.27;1.73;1.27;0;0;0;0;0;0;;;-1;-1;-1;-1;-1;-1;-1;-1;-1;-1;-1;-1;-1;-1;-1;-1;-1;-1;-1;-1;1.76;1.44;0.00;0.00;2.64;41;73;41;32;18;27;59;41;87;9.36;4.88;0.00;0.00;0.00;0.00;0.00;0.00;0.00;0.00;0.00;N/A
1696716000;Oct 07 2023 - 10:00pm;incomplete;-1;Banfield W;UAI Urquiza Women;N/A;8;0.89;2.80;0.89;2.80;0;0;0;0;0;0;;;-1;-1;-1;-1;-1;-1;-1;-1;-1;-1;-1;-1;-1;-1;-1;-1;-1;-1;-1;-1;1.39;1.98;0.00;0.00;1.82;21;47;31;10;5;31;57;11;52;9.17;5.57;0.00;0.00;0.00;0.00;0.00;0.00;0.00;0.00;0.00;N/A
1696716000;Oct 07 2023 - 10:00pm;incomplete;-1;San Lorenzo Women;Platense Women;N/A;8;1.82;1.30;1.82;1.30;0;0;0;0;0;0;;;-1;-1;-1;-1;-1;-1;-1;-1;-1;-1;-1;-1;-1;-1;-1;-1;-1;-1;-1;-1;1.74;1.26;0.00;0.00;2.33;34;72;43;19;9;44;62;24;57;7.73;5.45;0.00;0.00;0.00;0.00;0.00;0.00;0.00;0.00;0.00;N/A
1696716000;Oct 07 2023 - 10:00pm;incomplete;-1;Estudiantes Caseros W;Excursionistas Women;N/A;8;1.55;0.83;1.55;0.83;0;0;0;0;0;0;;;-1;-1;-1;-1;-1;-1;-1;-1;-1;-1;-1;-1;-1;-1;-1;-1;-1;-1;-1;-1;1.71;1.02;0.00;0.00;2.79;39;79;57;30;9;31;66;39;65;5.53;4.99;0.00;0.00;0.00;0.00;0.00;0.00;0.00;0.00;0.00;N/A
1696716000;Oct 07 2023 - 10:00pm;incomplete;-1;El Porvenir Women;HuracÇ­n Women;N/A;8;1.00;0.64;1.00;0.64;0;0;0;0;0;0;;;-1;-1;-1;-1;-1;-1;-1;-1;-1;-1;-1;-1;-1;-1;-1;-1;-1;-1;-1;-1;1.07;1.24;0.00;0.00;2.28;45;78;46;9;5;23;50;32;82;5.58;6.11;0.00;0.00;0.00;0.00;0.00;0.00;0.00;0.00;0.00;N/A
1696716000;Oct 07 2023 - 10:00pm;incomplete;-1;Gimnasia La Plata W;Boca Juniors Women;N/A;8;1.27;2.25;1.27;2.25;0;0;0;0;0;0;;;-1;-1;-1;-1;-1;-1;-1;-1;-1;-1;-1;-1;-1;-1;-1;-1;-1;-1;-1;-1;1.34;1.79;0.00;0.00;2.04;26;56;30;18;9;26;66;31;52;9.45;3.66;0.00;0.00;0.00;0.00;0.00;0.00;0.00;0.00;0.00;N/A
1696716000;Oct 07 2023 - 10:00pm;incomplete;-1;Rosario Central W;LanÇ§s Women;N/A;8;1.89;0.30;1.89;0.30;0;0;0;0;0;0;;;-1;-1;-1;-1;-1;-1;-1;-1;-1;-1;-1;-1;-1;-1;-1;-1;-1;-1;-1;-1;1.43;1.04;0.00;0.00;2.69;31;84;47;25;20;41;74;41;73;8.49;4.69;0.00;0.00;0.00;0.00;0.00;0.00;0.00;0.00;0.00;N/A
1696716000;Oct 07 2023 - 10:00pm;incomplete;-1;Racing Club Women;Ferro Carril Oeste Women;N/A;8;1.75;0.27;1.75;0.27;0;0;0;0;0;0;;;-1;-1;-1;-1;-1;-1;-1;-1;-1;-1;-1;-1;-1;-1;-1;-1;-1;-1;-1;-1;1.44;1.16;0.00;0.00;2.18;13;49;35;26;9;31;75;31;66;6.94;5.82;0.00;0.00;0.00;0.00;0.00;0.00;0.00;0.00;0.00;N/A
1697320800;Oct 14 2023 - 10:00pm;incomplete;-1;San Lorenzo Women;SAT W;N/A;9;1.82;1.36;1.82;1.36;0;0;0;0;0;0;;;-1;-1;-1;-1;-1;-1;-1;-1;-1;-1;-1;-1;-1;-1;-1;-1;-1;-1;-1;-1;1.74;1.18;0.00;0.00;2.36;37;73;46;18;9;36;78;27;55;6.28;4.99;0.00;0.00;0.00;0.00;0.00;0.00;0.00;0.00;0.00;N/A
1697320800;Oct 14 2023 - 10:00pm;incomplete;-1;Platense Women;Banfield W;N/A;9;2.50;1.58;2.50;1.58;0;0;0;0;0;0;;;-1;-1;-1;-1;-1;-1;-1;-1;-1;-1;-1;-1;-1;-1;-1;-1;-1;-1;-1;-1;1.76;1.57;0.00;0.00;2.44;41;82;40;18;4;14;64;64;82;9.03;5.23;0.00;0.00;0.00;0.00;0.00;0.00;0.00;0.00;0.00;N/A
1697320800;Oct 14 2023 - 10:00pm;incomplete;-1;UAI Urquiza Women;Belgrano W;N/A;9;2.23;1.00;2.23;1.00;0;0;0;0;0;0;;;-1;-1;-1;-1;-1;-1;-1;-1;-1;-1;-1;-1;-1;-1;-1;-1;-1;-1;-1;-1;1.86;1.45;0.00;0.00;2.19;25;53;32;16;12;16;54;28;71;11.10;4.40;0.00;0.00;0.00;0.00;0.00;0.00;0.00;0.00;0.00;N/A
1697320800;Oct 14 2023 - 10:00pm;incomplete;-1;Independiente Women;River Plate Women;N/A;9;2.00;1.44;2.00;1.44;0;0;0;0;0;0;;;-1;-1;-1;-1;-1;-1;-1;-1;-1;-1;-1;-1;-1;-1;-1;-1;-1;-1;-1;-1;1.47;1.51;0.00;0.00;2.15;15;79;37;5;0;6;71;45;89;8.80;5.18;0.00;0.00;0.00;0.00;0.00;0.00;0.00;0.00;0.00;N/A
1697320800;Oct 14 2023 - 10:00pm;incomplete;-1;Defensores de Belgrano W;Estudiantes La Plata Women;N/A;9;0.73;0.75;0.73;0.75;0;0;0;0;0;0;;;-1;-1;-1;-1;-1;-1;-1;-1;-1;-1;-1;-1;-1;-1;-1;-1;-1;-1;-1;-1;1.02;1.34;0.00;0.00;2.62;39;61;43;18;13;22;57;35;66;6.01;4.60;0.00;0.00;0.00;0.00;0.00;0.00;0.00;0.00;0.00;N/A
1697320800;Oct 14 2023 - 10:00pm;incomplete;-1;Racing Club Women;Estudiantes Caseros W;N/A;9;1.75;0.91;1.75;0.91;0;0;0;0;0;0;;;-1;-1;-1;-1;-1;-1;-1;-1;-1;-1;-1;-1;-1;-1;-1;-1;-1;-1;-1;-1;1.44;1.37;0.00;0.00;2.18;27;58;39;22;4;26;66;35;66;8.58;6.45;0.00;0.00;0.00;0.00;0.00;0.00;0.00;0.00;0.00;N/A
1697320800;Oct 14 2023 - 10:00pm;incomplete;-1;Ferro Carril Oeste Women;Rosario Central W;N/A;9;1.91;2.25;1.91;2.25;0;0;0;0;0;0;;;-1;-1;-1;-1;-1;-1;-1;-1;-1;-1;-1;-1;-1;-1;-1;-1;-1;-1;-1;-1;1.55;1.50;0.00;0.00;2.27;31;70;31;18;9;27;57;35;74;7.55;4.72;0.00;0.00;0.00;0.00;0.00;0.00;0.00;0.00;0.00;N/A
1697320800;Oct 14 2023 - 10:00pm;incomplete;-1;Lanus Women;Gimnasia La Plata W;N/A;9;0.67;0.82;0.67;0.82;0;0;0;0;0;0;;;-1;-1;-1;-1;-1;-1;-1;-1;-1;-1;-1;-1;-1;-1;-1;-1;-1;-1;-1;-1;1.00;1.42;0.00;0.00;2.13;35;61;43;18;5;22;61;30;70;6.89;5.65;0.00;0.00;0.00;0.00;0.00;0.00;0.00;0.00;0.00;N/A
1697320800;Oct 14 2023 - 10:00pm;incomplete;-1;Boca Juniors Women;El Porvenir Women;N/A;9;3.00;0.40;3.00;0.40;0;0;0;0;0;0;;;-1;-1;-1;-1;-1;-1;-1;-1;-1;-1;-1;-1;-1;-1;-1;-1;-1;-1;-1;-1;2.00;1.04;0.00;0.00;3.20;29;76;62;39;19;38;67;47;76;9.14;5.73;0.00;0.00;0.00;0.00;0.00;0.00;0.00;0.00;0.00;N/A
1697320800;Oct 14 2023 - 10:00pm;incomplete;-1;Huracan Women;Excursionistas Women;N/A;9;1.91;0.83;1.91;0.83;0;0;0;0;0;0;;;-1;-1;-1;-1;-1;-1;-1;-1;-1;-1;-1;-1;-1;-1;-1;-1;-1;-1;-1;-1;1.48;1.02;0.00;0.00;2.20;30;61;34;26;9;17;53;30;70;7.24;4.89;0.00;0.00;0.00;0.00;0.00;0.00;0.00;0.00;0.00;N/A
1697925600;Oct 21 2023 - 10:00pm;incomplete;-1;SAT W;Defensores de Belgrano W;N/A;10;0.73;0.00;0.73;0.00;0;0;0;0;0;0;;;-1;-1;-1;-1;-1;-1;-1;-1;-1;-1;-1;-1;-1;-1;-1;-1;-1;-1;-1;-1;1.35;0.93;0.00;0.00;2.44;33;87;29;14;10;28;77;29;87;5.69;5.20;0.00;0.00;0.00;0.00;0.00;0.00;0.00;0.00;0.00;N/A
1697925600;Oct 21 2023 - 10:00pm;incomplete;-1;Estudiantes La Plata Women;Independiente Women;N/A;10;0.60;1.27;0.60;1.27;0;0;0;0;0;0;;;-1;-1;-1;-1;-1;-1;-1;-1;-1;-1;-1;-1;-1;-1;-1;-1;-1;-1;-1;-1;1.07;1.44;0.00;0.00;2.34;48;63;39;24;9;29;63;28;76;5.88;6.75;0.00;0.00;0.00;0.00;0.00;0.00;0.00;0.00;0.00;N/A
1697925600;Oct 21 2023 - 10:00pm;incomplete;-1;River Plate Women;UAI Urquiza Women;N/A;10;2.30;2.80;2.30;2.80;0;0;0;0;0;0;;;-1;-1;-1;-1;-1;-1;-1;-1;-1;-1;-1;-1;-1;-1;-1;-1;-1;-1;-1;-1;1.85;1.98;0.00;0.00;2.35;40;75;45;10;5;50;80;15;65;9.80;4.70;0.00;0.00;0.00;0.00;0.00;0.00;0.00;0.00;0.00;N/A
1697925600;Oct 21 2023 - 10:00pm;incomplete;-1;Platense Women;Belgrano W;N/A;10;2.50;1.00;2.50;1.00;0;0;0;0;0;0;;;-1;-1;-1;-1;-1;-1;-1;-1;-1;-1;-1;-1;-1;-1;-1;-1;-1;-1;-1;-1;1.76;1.45;0.00;0.00;1.83;29;58;24;5;0;10;53;35;77;9.75;4.80;0.00;0.00;0.00;0.00;0.00;0.00;0.00;0.00;0.00;N/A
1697925600;Oct 21 2023 - 10:00pm;incomplete;-1;Banfield W;San Lorenzo Women;N/A;10;0.89;1.50;0.89;1.50;0;0;0;0;0;0;;;-1;-1;-1;-1;-1;-1;-1;-1;-1;-1;-1;-1;-1;-1;-1;-1;-1;-1;-1;-1;1.39;1.84;0.00;0.00;1.92;31;67;41;0;0;26;52;31;57;6.87;4.55;0.00;0.00;0.00;0.00;0.00;0.00;0.00;0.00;0.00;N/A
1697925600;Oct 21 2023 - 10:00pm;incomplete;-1;Estudiantes Caseros W;HuracÇ­n Women;N/A;10;1.55;0.64;1.55;0.64;0;0;0;0;0;0;;;-1;-1;-1;-1;-1;-1;-1;-1;-1;-1;-1;-1;-1;-1;-1;-1;-1;-1;-1;-1;1.71;1.24;0.00;0.00;2.37;45;82;41;14;5;27;64;27;60;6.60;6.48;0.00;0.00;0.00;0.00;0.00;0.00;0.00;0.00;0.00;N/A
1697925600;Oct 21 2023 - 10:00pm;incomplete;-1;Excursionistas Women;Boca Juniors Women;N/A;10;1.80;2.25;1.80;2.25;0;0;0;0;0;0;;;-1;-1;-1;-1;-1;-1;-1;-1;-1;-1;-1;-1;-1;-1;-1;-1;-1;-1;-1;-1;1.41;1.79;0.00;0.00;2.28;38;69;37;19;4;37;69;23;59;8.49;3.80;0.00;0.00;0.00;0.00;0.00;0.00;0.00;0.00;0.00;N/A
1697925600;Oct 21 2023 - 10:00pm;incomplete;-1;El Porvenir Women;LanÇ§s Women;N/A;10;1.00;0.30;1.00;0.30;0;0;0;0;0;0;;;-1;-1;-1;-1;-1;-1;-1;-1;-1;-1;-1;-1;-1;-1;-1;-1;-1;-1;-1;-1;1.07;1.04;0.00;0.00;3.21;43;91;67;34;25;44;63;53;95;5.78;5.13;0.00;0.00;0.00;0.00;0.00;0.00;0.00;0.00;0.00;N/A
1697925600;Oct 21 2023 - 10:00pm;incomplete;-1;Gimnasia La Plata W;Ferro Carril Oeste Women;N/A;10;1.27;0.27;1.27;0.27;0;0;0;0;0;0;;;-1;-1;-1;-1;-1;-1;-1;-1;-1;-1;-1;-1;-1;-1;-1;-1;-1;-1;-1;-1;1.34;1.16;0.00;0.00;2.09;18;55;32;23;9;27;73;36;50;7.45;4.02;0.00;0.00;0.00;0.00;0.00;0.00;0.00;0.00;0.00;N/A
1697925600;Oct 21 2023 - 10:00pm;incomplete;-1;Rosario Central W;Racing Club Women;N/A;10;1.89;1.90;1.89;1.90;0;0;0;0;0;0;;;-1;-1;-1;-1;-1;-1;-1;-1;-1;-1;-1;-1;-1;-1;-1;-1;-1;-1;-1;-1;1.43;1.43;0.00;0.00;2.24;11;64;37;5;5;21;64;31;63;9.09;5.07;0.00;0.00;0.00;0.00;0.00;0.00;0.00;0.00;0.00;N/A
