team_name;common_name;season;country;average_attendance_overall;average_attendance_home;average_attendance_away;minutes_per_goal_scored_overall;minutes_per_goal_scored_home;minutes_per_goal_scored_away;minutes_per_goal_conceded_overall;minutes_per_goal_conceded_home;minutes_per_goal_conceded_away;highest_goals_scored_home;highest_goals_scored_away;highest_goals_conceded_home;highest_goals_conceded_away;half_time_points_overall;half_time_points_home;half_time_points_away;corners_recorded_matches_num_overall;corners_recorded_matches_num_home;cornersRecorded_matches_away;corners_total_per_match_overall;corners_total_per_match_home;corners_total_per_match_away;corners_against_overall;corners_against_home;corners_against_away;corners_against_per_match_overall;corners_against_per_match_home;corners_against_per_match_away;over65_corners_num_overall;over75_corners_num_overall;over85_corners_num_overall;over95_corners_num_overall;over105_corners_num_overall;over115_corners_num_overall;over125_corners_num_overall;over135_corners_num_overall;over145_corners_num_overall;over65_corners_num_home;over75_corners_num_home;over85_corners_num_home;over95_corners_num_home;over105_corners_num_home;over115_corners_num_home;over125_corners_num_home;over135_corners_num_home;over145_corners_num_home;over65_corners_percentage_home;over75_corners_percentage_home;over85_corners_percentage_home;over95_corners_percentage_home;over105_corners_percentage_home;over115_corners_percentage_home;over125_corners_percentage_home;over135_corners_percentage_home;over145_corners_percentage_home;over65_corners_num_away;over75_corners_num_away;over85_corners_num_away;over95_corners_num_away;over105_corners_num_away;over115_corners_num_away;over125_corners_num_away;over135_corners_num_away;over145_corners_num_away;over65_corners_percentage_away;over75_corners_percentage_away;over85_corners_percentage_away;over95_corners_percentage_away;over105_corners_percentage_away;over115_corners_percentage_away;over125_corners_percentage_away;over135_corners_percentage_away;over145_corners_percentage_away;over25_corners_for_overall;over35_corners_for_overall;over45_corners_for_overall;over55_corners_for_overall;over65_corners_for_overall;over75_corners_for_overall;over85_corners_for_overall;over25_corners_for_percentage_overall;over35_corners_for_percentage_overall;over45_corners_for_percentage_overall;over55_corners_for_percentage_overall;over65_corners_for_percentage_overall;over75_corners_for_percentage_overall;over85_corners_for_percentage_overall;over25_corners_for_home;over35_corners_for_home;over45_corners_for_home;over55_corners_for_home;over65_corners_for_home;over75_corners_for_home;over85_corners_for_home;over25_corners_for_percentage_home;over35_corners_for_percentage_home;over45_corners_for_percentage_home;over55_corners_for_percentage_home;over65_corners_for_percentage_home;over75_corners_for_percentage_home;over85_corners_for_percentage_home;over25_corners_for_away;over35_corners_for_away;over45_corners_for_away;over55_corners_for_away;over65_corners_for_away;over75_corners_for_away;over85_corners_for_away;over25_corners_for_percentage_away;over35_corners_for_percentage_away;over45_corners_for_percentage_away;over55_corners_for_percentage_away;over65_corners_for_percentage_away;over75_corners_for_percentage_away;over85_corners_for_percentage_away;over25_corners_against_overall;over35_corners_against_overall;over45_corners_against_overall;over55_corners_against_overall;over65_corners_against_overall;over75_corners_against_overall;over85_corners_against_overall;over25_corners_against_percentage_overall;over35_corners_against_percentage_overall;over45_corners_against_percentage_overall;over55_corners_against_percentage_overall;over65_corners_against_percentage_overall;over75_corners_against_percentage_overall;over85_corners_against_percentage_overall;over25_corners_against_home;over35_corners_against_home;over45_corners_against_home;over55_corners_against_home;over65_corners_against_home;over75_corners_against_home;over85_corners_against_home;over25_corners_against_percentage_home;over35_corners_against_percentage_home;over45_corners_against_percentage_home;over55_corners_against_percentage_home;over65_corners_against_percentage_home;over75_corners_against_percentage_home;over85_corners_against_percentage_home;over25_corners_against_away;over35_corners_against_away;over45_corners_against_away;over55_corners_against_away;over65_corners_against_away;over75_corners_against_away;over85_corners_against_away;over25_corners_against_percentage_away;over35_corners_against_percentage_away;over45_corners_against_percentage_away;over55_corners_against_percentage_away;over65_corners_against_percentage_away;over75_corners_against_percentage_away;over85_corners_against_percentage_away;cornerTimingRecorded_matches_overall;cornerTimingRecorded_matches_home;cornerTimingRecorded_matches_away;corners_total_fh_overall;corners_total_fh_home;corners_total_fh_away;corners_total_2h_overall;corners_total_2h_home;corners_total_2h_away;corners_total_per_match_fh_overall;corners_total_per_match_fh_home;corners_total_per_match_fh_away;corners_total_per_match_2h_overall;corners_total_per_match_2h_home;corners_total_per_match_2h_away;corners_total_fh_over4_overall;corners_total_fh_over5_overall;corners_total_fh_over6_overall;corners_total_2h_over4_overall;corners_total_2h_over5_overall;corners_total_2h_over6_overall;over05_cards_total_overall;over15_cards_total_overall;over25_cards_total_overall;over35_cards_total_overall;over45_cards_total_overall;over55_cards_total_overall;over65_cards_total_overall;over75_cards_total_overall;over85_cards_total_overall;over05_cards_total_percentage_overall;over15_cards_total_percentage_overall;over25_cards_total_percentage_overall;over35_cards_total_percentage_overall;over45_cards_total_percentage_overall;over55_cards_total_percentage_overall;over65_cards_total_percentage_overall;over75_cards_total_percentage_overall;over85_cards_total_percentage_overall;over05_cards_total_home;over15_cards_total_home;over25_cards_total_home;over35_cards_total_home;over45_cards_total_home;over55_cards_total_home;over65_cards_total_home;over75_cards_total_home;over85_cards_total_home;over05_cards_total_percentage_home;over15_cards_total_percentage_home;over25_cards_total_percentage_home;over35_cards_total_percentage_home;over45_cards_total_percentage_home;over55_cards_total_percentage_home;over65_cards_total_percentage_home;over75_cards_total_percentage_home;over85_cards_total_percentage_home;over05_cards_total_away;over15_cards_total_away;over25_cards_total_away;over35_cards_total_away;over45_cards_total_away;over55_cards_total_away;over65_cards_total_away;over75_cards_total_away;over85_cards_total_away;over05_cards_total_percentage_away;over15_cards_total_percentage_away;over25_cards_total_percentage_away;over35_cards_total_percentage_away;over45_cards_total_percentage_away;over55_cards_total_percentage_away;over65_cards_total_percentage_away;over75_cards_total_percentage_away;over85_cards_total_percentage_away;over05_cards_for_overall;over15_cards_for_overall;over25_cards_for_overall;over35_cards_for_overall;over45_cards_for_overall;over55_cards_for_overall;over65_cards_for_overall;over05_cards_for_percentage_overall;over15_cards_for_percentage_overall;over25_cards_for_percentage_overall;over35_cards_for_percentage_overall;over45_cards_for_percentage_overall;over55_cards_for_percentage_overall;over65_cards_for_percentage_overall;over05_cards_for_home;over15_cards_for_home;over25_cards_for_home;over35_cards_for_home;over45_cards_for_home;over55_cards_for_home;over65_cards_for_home;over05_cards_for_percentage_home;over15_cards_for_percentage_home;over25_cards_for_percentage_home;over35_cards_for_percentage_home;over45_cards_for_percentage_home;over55_cards_for_percentage_home;over65_cards_for_percentage_home;over05_cards_for_away;over15_cards_for_away;over25_cards_for_away;over35_cards_for_away;over45_cards_for_away;over55_cards_for_away;over65_cards_for_away;over05_cards_for_percentage_away;over15_cards_for_percentage_away;over25_cards_for_percentage_away;over35_cards_for_percentage_away;over45_cards_for_percentage_away;over55_cards_for_percentage_away;over65_cards_for_percentage_away;over05_cards_against_overall;over15_cards_against_overall;over25_cards_against_overall;over35_cards_against_overall;over45_cards_against_overall;over55_cards_against_overall;over65_cards_against_overall;over05_cards_against_percentage_overall;over15_cards_against_percentage_overall;over25_cards_against_percentage_overall;over35_cards_against_percentage_overall;over45_cards_against_percentage_overall;over55_cards_against_percentage_overall;over65_cards_against_percentage_overall;over05_cards_against_home;over15_cards_against_home;over25_cards_against_home;over35_cards_against_home;over45_cards_against_home;over55_cards_against_home;over65_cards_against_home;over05_cards_against_percentage_home;over15_cards_against_percentage_home;over25_cards_against_percentage_home;over35_cards_against_percentage_home;over45_cards_against_percentage_home;over55_cards_against_percentage_home;over65_cards_against_percentage_home;over05_cards_against_away;over15_cards_against_away;over25_cards_against_away;over35_cards_against_away;over45_cards_against_away;over55_cards_against_away;over65_cards_against_away;over05_cards_against_percentage_away;over15_cards_against_percentage_away;over25_cards_against_percentage_away;over35_cards_against_percentage_away;over45_cards_against_percentage_away;over55_cards_against_percentage_away;over65_cards_against_percentage_away;firstGoalScoredPercentage_overall;firstGoalScoredPercentage_home;firstGoalScoredPercentage_away;shots_per_match_overall;shots_per_match_home;shots_per_match_away;shots_on_target_per_match_overall;shots_on_target_per_match_home;shots_on_target_per_match_away;shots_off_target_per_match_overall;shots_off_target_per_match_home;shots_off_target_per_match_away;fouls_by_this_team_overall;fouls_by_this_team_home;fouls_by_this_team_away;fouls_per_match_overall;fouls_per_match_home;fouls_per_match_away;offsides_total_overall;offsides_total_home;offsides_total_away;offsides_this_team_overall;offsides_this_team_home;offsides_this_team_away;offsidesRecorded_matches_overall;offsidesRecorded_matches_home;offsidesRecorded_matches_away;offsides_total_per_match_overall;offsides_total_per_match_home;offsides_total_per_match_away;offsides_this_team_per_match_overall;offsides_this_team_per_match_home;offsides_this_team_per_match_away;offsides_total_over05_overall;offsides_total_over15_overall;offsides_total_over25_overall;offsides_total_over35_overall;offsides_total_over45_overall;scoredBothHalves_overall;scoredBothHalves_home;scoredBothHalves_away;scoredBothHalvesPercentage_overall;scoredBothHalvesPercentage_home;scoredBothHalvesPercentage_away;BTTS_both_halves_overall;BTTS_both_halves_home;BTTS_both_halves_away;BTTS_and_win_overall;BTTS_and_win_home;BTTS_and_win_away;BTTS_and_win_percentage_overall;BTTS_and_win_percentage_home;BTTS_and_win_percentage_away;BTTS_and_draw_overall;BTTS_and_draw_home;BTTS_and_draw_away;BTTS_and_draw_percentage_overall;BTTS_and_draw_percentage_home;BTTS_and_draw_percentage_away;BTTS_and_lose_overall;BTTS_and_lose_home;BTTS_and_lose_away;BTTS_and_lose_percentage_overall;BTTS_and_lose_percentage_home;BTTS_and_lose_percentage_away;matches_goal_timings_recorded_overall;matches_goal_timings_recorded_home;matches_goal_timings_recorded_away;total_goals_2h_overall;total_goals_2h_home;total_goals_2h_away;average_total_goals_2h_per_match_overall;average_total_goals_2h_per_match_home;average_total_goals_2h_per_match_away;goals_scored_2h_overall;goals_scored_2h_home;goals_scored_2h_away;goals_scored_2h_per_match_overall;goals_scored_2h_per_match_home;goals_scored_2h_per_match_away;goals_conceded_2h_overall;goals_conceded_2h_home;goals_conceded_2h_away;goals_conceded_2h_per_match_overall;goals_conceded_2h_per_match_home;goals_conceded_2h_per_match_away;over05_2hg_matches_overall;over15_2hg_matches_overall;over25_2hg_matches_overall;over05_2hg_percentage_overall;over15_2hg_percentage_overall;over25_2hg_percentage_overall;points_2h_overall;points_2h_home;points_2h_away;ppg_2h_overall;ppg_2h_home;ppg_2h_away;wins_2h_overall;wins_2h_home;wins_2h_away;wins_2h_percentage_overall;wins_2h_percentage_home;wins_2h_percentage_away;draws_2h_overall;draws_2h_home;draws_2h_away;losses_2h_overall;losses_2h_home;losses_2h_away;btts_2h_overall;btts_2h_home;btts_2h_away;btts_2h_percentage_overall;btts_2h_percentage_home;btts_2h_percentage_away;clean_sheets_2h_overall;clean_sheets_2h_home;clean_sheets_2h_away;failed_to_score_2h_overall;failed_to_score_2h_home;failed_to_score_2h_away
Racing Club de Avellaneda Reserve;Racing Club;2023;Argentina;0;0;0;73;71;75;100;150;75;4;2;2;3;38;18;20;29;14;14;8.66;7.64;9.60;118;44;74;4.07;3.14;4.93;21;15;13;10;8;6;6;4;1;10;6;4;2;1;1;1;0;0;71;43;28;14;7;7;7;0;0;11;9;9;8;7;5;5;4;1;73;60;60;53;47;33;33;27;7;25;21;12;8;5;1;1;86;72;41;28;17;3;3;12;11;7;4;1;0;0;86;79;50;28;7;0;0;13;10;5;4;4;1;1;87;67;33;27;27;7;7;19;14;9;7;5;2;2;66;48;31;24;17;7;7;7;5;2;1;1;0;0;50;36;14;7;7;0;0;12;9;7;6;4;2;2;80;60;47;40;27;13;13;29;14;15;112;46;66;136;58;78;3.86;3.29;4.40;4.69;4.14;5.20;11;5;3;15;7;6;1;1;1;1;1;1;1;0;0;100;100;100;100;100;100;100;0;0;0;0;0;0;0;0;0;0;0;0;0;0;0;0;0;0;0;0;1;1;1;1;1;1;1;0;0;7;7;7;7;7;7;7;0;0;1;1;0;0;0;0;0;100;100;0;0;0;0;0;0;0;0;0;0;0;0;0;0;0;0;0;0;0;1;1;0;0;0;0;0;7;7;0;0;0;0;0;1;1;1;1;1;1;0;100;100;100;100;100;100;0;0;0;0;0;0;0;0;0;0;0;0;0;0;0;1;1;1;1;1;1;0;7;7;7;7;7;7;0;50;40;60;9.55;9.29;9.8;4.17;4.00;4.33;5.38;5.29;5.47;0;0;0;0;0;0;0;0;0;0;0;0;0;0;0;0.00;0.00;0.00;0.00;0.00;0.00;0;0;0;0;0;4;1;3;14;7;21;1;0;1;8;5;3;27;33;20;1;0;1;3;0;7;3;1;2;10;7;13;28;14;14;28;13;15;1.00;0.93;1.07;18;10;8;0.64;0.71;0.57;10;3;7;0.36;0.21;0.50;19;7;2;68;25;7;44;23;21;1.57;1.64;1.50;11;5;6;39;36;43;11;8;3;6;1;5;3;2;1;11;14;7;19;11;8;15;8;7
Club de Gimnasia y Esgrima La Plata Reserve;Gimnasia La Plata;2023;Argentina;0;0;0;108;84;150;63;71;56;4;3;4;4;35;20;15;30;15;15;11.30;11.07;11.53;165;66;99;5.50;4.40;6.60;23;21;19;16;15;14;10;9;8;10;10;10;9;8;8;5;4;3;67;67;67;60;53;53;33;27;20;13;11;9;7;7;6;5;5;5;87;73;60;47;47;40;33;33;33;24;18;15;14;11;8;6;80;60;50;47;37;27;20;15;10;8;7;7;5;3;100;67;53;47;47;33;20;9;8;7;7;4;3;3;60;53;47;47;27;20;20;25;21;17;13;10;6;4;83;70;56;43;33;20;13;12;8;6;5;3;2;1;80;53;40;33;20;13;7;13;13;11;8;7;4;3;87;87;73;53;47;27;20;29;15;14;151;78;73;158;79;79;5.21;5.20;5.21;5.45;5.27;5.64;18;13;7;16;12;9;0;0;0;0;0;0;0;0;0;0;0;0;0;0;0;0;0;0;0;0;0;0;0;0;0;0;0;0;0;0;0;0;0;0;0;0;0;0;0;0;0;0;0;0;0;0;0;0;0;0;0;0;0;0;0;0;0;0;0;0;0;0;0;0;0;0;0;0;0;0;0;0;0;0;0;0;0;0;0;0;0;0;0;0;0;0;0;0;0;0;0;0;0;0;0;0;0;0;0;0;0;0;0;0;0;0;0;0;0;0;0;0;0;0;0;0;0;0;0;0;0;0;0;0;0;0;0;0;0;0;0;0;0;0;0;0;0;0;33;40;27;10.83;12.27;9.4;4.60;5.53;3.67;6.23;6.73;5.73;0;0;0;0;0;0;0;0;0;0;0;0;0;0;0;0.00;0.00;0.00;0.00;0.00;0.00;0;0;0;0;0;3;3;0;10;20;0;0;0;0;2;1;1;7;7;7;4;2;2;13;13;13;5;3;2;17;20;13;30;15;15;41;20;21;1.37;1.33;1.40;13;9;4;0.43;0.60;0.27;28;11;17;0.93;0.73;1.13;23;11;6;77;37;20;26;20;6;0.87;1.33;0.40;6;5;1;20;33;7;8;5;3;16;5;11;4;2;2;13;13;13;11;8;3;22;9;13
CA Tigre Reserve;Tigre;2023;Argentina;0;0;0;71;51;127;108;205;70;5;3;2;4;43;33;10;30;16;16;9.93;9.19;10.79;121;58;63;4.03;3.63;4.50;25;21;20;18;15;10;7;3;1;12;9;9;8;5;4;3;2;1;75;56;56;50;31;25;19;13;6;13;12;11;10;10;6;4;1;0;93;86;79;71;71;43;28;7;0;27;24;19;16;11;8;5;90;80;63;53;37;27;17;14;12;10;8;4;3;2;88;75;63;50;25;19;13;13;12;9;8;7;5;3;93;86;64;56;50;36;21;21;16;11;6;5;2;2;70;53;37;20;17;7;7;11;7;5;1;1;1;1;69;44;31;6;6;6;6;10;9;6;5;4;1;1;71;64;43;36;28;7;7;29;16;13;133;67;66;151;80;71;4.59;4.19;5.08;5.21;5.00;5.46;17;9;4;20;12;5;0;0;0;0;0;0;0;0;0;0;0;0;0;0;0;0;0;0;0;0;0;0;0;0;0;0;0;0;0;0;0;0;0;0;0;0;0;0;0;0;0;0;0;0;0;0;0;0;0;0;0;0;0;0;0;0;0;0;0;0;0;0;0;0;0;0;0;0;0;0;0;0;0;0;0;0;0;0;0;0;0;0;0;0;0;0;0;0;0;0;0;0;0;0;0;0;0;0;0;0;0;0;0;0;0;0;0;0;0;0;0;0;0;0;0;0;0;0;0;0;0;0;0;0;0;0;0;0;0;0;0;0;0;0;0;0;0;0;50;81;14;8.79;9.44;8;4.14;4.69;3.46;4.66;4.75;4.54;0;0;0;0;0;0;0;0;0;0;0;0;0;0;0;0.00;0.00;0.00;0.00;0.00;0.00;0;0;0;0;0;8;6;2;27;38;14;1;1;0;1;1;0;3;6;0;4;1;3;13;6;21;2;0;2;7;0;14;30;16;14;30;16;14;1.00;1.00;1.00;19;12;7;0.63;0.75;0.50;11;4;7;0.37;0.25;0.50;19;8;2;63;27;7;45;29;16;1.50;1.81;1.14;10;7;3;33;44;21;15;8;7;5;1;4;5;2;3;17;13;21;21;13;8;15;7;8
CD Godoy Cruz Antonio Tomba Reserve;Godoy Cruz;2023;Argentina;0;0;0;138;96;273;50;51;48;4;1;4;4;24;16;8;31;16;16;9.29;10.07;8.47;160;90;70;5.16;5.63;4.67;27;21;15;12;9;7;6;3;1;14;12;10;7;6;5;5;2;1;88;75;63;44;38;31;31;13;6;13;9;5;5;3;2;1;1;0;87;60;33;33;20;13;7;7;0;22;21;14;8;4;2;1;71;68;45;26;13;6;3;11;11;9;6;3;2;1;69;69;56;38;19;13;6;11;10;5;2;1;0;0;73;67;33;13;7;0;0;26;19;14;10;9;6;6;84;61;45;32;28;19;19;12;10;8;6;5;5;5;75;63;50;38;31;31;31;14;9;6;4;4;1;1;93;60;40;27;27;7;7;30;15;15;129;63;66;138;80;58;4.30;4.20;4.40;4.60;5.33;3.87;11;8;6;10;6;6;0;0;0;0;0;0;0;0;0;0;0;0;0;0;0;0;0;0;0;0;0;0;0;0;0;0;0;0;0;0;0;0;0;0;0;0;0;0;0;0;0;0;0;0;0;0;0;0;0;0;0;0;0;0;0;0;0;0;0;0;0;0;0;0;0;0;0;0;0;0;0;0;0;0;0;0;0;0;0;0;0;0;0;0;0;0;0;0;0;0;0;0;0;0;0;0;0;0;0;0;0;0;0;0;0;0;0;0;0;0;0;0;0;0;0;0;0;0;0;0;0;0;0;0;0;0;0;0;0;0;0;0;0;0;0;0;0;0;19;25;13;8.53;9.6;7.47;3.60;4.13;3.07;4.93;5.47;4.40;0;0;0;0;0;0;0;0;0;0;0;0;0;0;0;0.00;0.00;0.00;0.00;0.00;0.00;0;0;0;0;0;1;1;0;3;6;0;0;0;0;2;2;0;6;13;0;4;2;2;13;13;13;7;4;3;23;25;20;31;16;15;47;28;19;1.52;1.75;1.27;14;10;4;0.45;0.63;0.27;33;18;15;1.06;1.13;1.00;24;17;6;77;55;19;21;13;8;0.68;0.81;0.53;3;3;0;10;19;0;12;4;8;16;9;7;9;5;4;28;31;27;9;4;5;20;9;11
CA Rosario Central Reserve;Rosario Central;2023;Argentina;0;0;0;56;45;72;68;80;60;4;3;4;4;55;33;22;31;15;15;10.19;10.46;9.94;155;62;93;5.00;4.13;5.81;26;24;21;18;14;11;7;6;4;12;12;11;10;8;6;4;4;3;80;80;73;67;53;40;27;27;20;14;12;10;8;6;5;3;2;1;88;75;63;50;38;31;19;13;6;26;24;17;14;9;5;3;84;77;55;45;28;16;10;14;13;10;10;8;5;3;93;87;67;67;53;33;20;12;11;7;4;1;0;0;75;69;44;25;6;0;0;26;21;17;13;10;5;3;84;68;55;42;32;16;10;12;7;6;5;4;1;1;80;47;40;33;27;7;7;14;14;11;8;6;4;2;88;88;69;50;38;25;13;28;13;15;123;55;68;156;75;81;4.39;4.23;4.53;5.57;5.77;5.40;15;8;3;17;12;10;0;0;0;0;0;0;0;0;0;0;0;0;0;0;0;0;0;0;0;0;0;0;0;0;0;0;0;0;0;0;0;0;0;0;0;0;0;0;0;0;0;0;0;0;0;0;0;0;0;0;0;0;0;0;0;0;0;0;0;0;0;0;0;0;0;0;0;0;0;0;0;0;0;0;0;0;0;0;0;0;0;0;0;0;0;0;0;0;0;0;0;0;0;0;0;0;0;0;0;0;0;0;0;0;0;0;0;0;0;0;0;0;0;0;0;0;0;0;0;0;0;0;0;0;0;0;0;0;0;0;0;0;0;0;0;0;0;0;71;80;63;10.9;12.2;9.69;5.58;6.33;4.88;5.32;5.87;4.81;8;0;8;8;0;8;0;0;0;0;0;0;0;0;0;0.00;0.00;0.00;0.00;0.00;0.00;0;0;0;0;0;12;7;5;39;47;31;2;2;0;5;4;1;16;27;6;5;2;3;16;13;19;6;2;4;19;13;25;31;15;16;49;26;23;1.58;1.73;1.44;22;13;9;0.71;0.87;0.56;27;13;14;0.87;0.87;0.88;25;14;8;81;45;26;37;22;15;1.19;1.47;0.94;10;6;4;32;40;25;7;4;3;14;5;9;8;5;3;26;33;19;13;6;7;16;7;9
Club Atletico Belgrano de Cordoba Reserve;Belgrano;2023;Argentina;0;0;0;65;50;97;117;161;90;6;3;2;4;47;24;23;31;16;16;9.68;9.19;10.20;177;71;106;5.71;4.44;7.07;25;22;20;15;11;10;6;5;2;12;10;9;6;5;5;3;2;0;75;63;56;38;31;31;19;13;0;13;12;11;9;6;5;3;3;2;87;80;73;60;40;33;20;20;13;21;17;10;8;7;3;1;68;55;32;26;23;10;3;12;11;8;6;5;3;1;75;69;50;38;31;19;6;9;6;2;2;2;0;0;60;40;13;13;13;0;0;27;24;21;17;12;8;3;87;77;68;55;39;26;10;13;12;9;5;2;1;0;81;75;56;31;13;6;0;14;12;12;12;10;7;3;93;80;80;80;67;47;20;29;15;14;149;73;76;136;68;68;5.14;4.87;5.43;4.69;4.53;4.86;15;9;8;16;9;5;1;1;1;1;1;1;1;0;0;100;100;100;100;100;100;100;0;0;1;1;1;1;1;1;1;0;0;6;6;6;6;6;6;6;0;0;0;0;0;0;0;0;0;0;0;0;0;0;0;0;0;0;0;0;1;1;1;1;1;1;0;100;100;100;100;100;100;0;1;1;1;1;1;1;0;6;6;6;6;6;6;0;0;0;0;0;0;0;0;0;0;0;0;0;0;0;1;1;0;0;0;0;0;100;100;0;0;0;0;0;1;1;0;0;0;0;0;6;6;0;0;0;0;0;0;0;0;0;0;0;0;0;0;0;0;0;0;0;58;63;53;11.29;13.25;9.2;5.39;6.19;4.53;5.90;7.06;4.67;0;0;0;0;0;0;0;0;0;0;0;0;0;0;0;0.00;0.00;0.00;0.00;0.00;0.00;0;0;0;0;0;6;3;3;19;19;20;0;0;0;5;2;3;16;13;20;2;2;0;6;13;0;2;1;1;6;6;7;31;16;15;40;24;16;1.29;1.50;1.07;25;18;7;0.81;1.13;0.47;15;6;9;0.48;0.38;0.60;23;12;4;74;39;13;54;31;23;1.74;1.94;1.53;15;9;6;48;56;40;9;4;5;7;3;4;4;3;1;13;19;7;21;11;10;14;5;9
Argentinos Juniors Reserve;Argentinos Juniors;2023;Argentina;0;0;0;62;55;71;107;120;97;4;4;2;2;48;23;25;30;15;15;9.60;11.27;7.94;113;61;52;3.77;4.07;3.47;22;19;15;14;13;6;6;5;4;13;12;10;9;9;5;5;4;3;87;80;67;60;60;33;33;27;20;9;7;5;5;4;1;1;1;1;60;47;33;33;27;7;7;7;7;23;20;15;13;12;10;9;77;67;50;43;40;33;30;12;11;10;9;8;8;7;80;73;67;60;53;53;47;11;9;5;4;4;2;2;73;60;33;27;27;13;13;21;15;8;5;4;2;2;70;50;27;17;13;7;7;11;8;5;3;3;1;1;73;53;33;20;20;7;7;10;7;3;2;1;1;1;67;47;20;13;7;7;7;29;15;14;115;69;46;151;87;64;3.97;4.60;3.29;5.21;5.80;4.57;12;7;3;15;8;8;1;1;1;1;1;1;1;0;0;50;50;50;50;50;50;50;0;0;0;0;0;0;0;0;0;0;0;0;0;0;0;0;0;0;0;0;1;1;1;1;1;1;1;0;0;7;7;7;7;7;7;7;0;0;1;1;1;0;0;0;0;50;50;50;0;0;0;0;0;0;0;0;0;0;0;0;0;0;0;0;0;0;1;1;1;0;0;0;0;7;7;7;0;0;0;0;1;1;1;1;1;1;0;50;50;50;50;50;50;0;0;0;0;0;0;0;0;0;0;0;0;0;0;0;1;1;1;1;1;1;0;7;7;7;7;7;7;0;52;50;53;8.7;9.2;8.2;4.60;5.13;4.07;4.10;4.07;4.13;8;0;8;8;0;8;5;0;5;3;0;3;1;0;1;5.00;0.00;5.00;3.00;0.00;3.00;1;1;1;1;1;9;5;4;28;31;27;0;0;0;7;4;3;23;25;20;4;3;1;13;19;7;4;1;3;13;6;20;31;16;15;40;22;18;1.29;1.38;1.20;25;17;8;0.81;1.06;0.53;15;5;10;0.48;0.31;0.67;23;12;4;74;39;13;51;33;18;1.65;2.06;1.20;13;9;4;42;56;27;12;6;6;6;1;5;7;4;3;23;25;20;19;11;8;13;5;8
CA Huraca­n Reserves;Huracan;2023;Argentina;0;0;0;71;76;68;63;63;64;2;4;5;4;47;25;22;31;16;16;9.35;9.37;9.34;161;73;88;5.19;4.56;5.87;22;20;19;15;11;9;6;4;2;12;11;10;8;6;5;4;3;1;75;69;63;50;38;31;25;19;6;10;9;9;7;5;4;2;1;1;67;60;60;47;33;27;13;7;7;23;20;13;10;4;2;1;74;65;42;32;13;6;3;14;14;8;7;3;1;1;88;88;50;44;19;6;6;9;6;5;3;1;1;0;60;40;33;20;7;7;0;26;22;18;13;9;5;4;84;71;57;42;28;16;13;11;10;8;6;4;2;1;69;63;50;38;25;13;6;15;12;10;7;5;3;3;100;80;67;47;33;20;20;29;15;14;132;65;67;137;70;67;4.55;4.33;4.79;4.72;4.67;4.79;14;10;5;14;10;5;1;1;1;1;1;1;1;0;0;100;100;100;100;100;100;100;0;0;0;0;0;0;0;0;0;0;0;0;0;0;0;0;0;0;0;0;1;1;1;1;1;1;1;0;0;7;7;7;7;7;7;7;0;0;1;1;1;1;0;0;0;100;100;100;100;0;0;0;0;0;0;0;0;0;0;0;0;0;0;0;0;0;1;1;1;1;0;0;0;7;7;7;7;0;0;0;1;1;1;0;0;0;0;100;100;100;0;0;0;0;0;0;0;0;0;0;0;0;0;0;0;0;0;0;1;1;1;0;0;0;0;7;7;7;0;0;0;0;45;44;47;9.84;9.44;10.27;4.58;4.19;5.00;5.26;5.25;5.27;0;0;0;0;0;0;0;0;0;0;0;0;0;0;0;0.00;0.00;0.00;0.00;0.00;0.00;0;0;0;0;0;6;2;4;19;13;27;1;0;1;4;1;3;13;6;20;7;5;2;23;31;13;7;4;3;23;25;20;31;16;15;44;21;23;1.42;1.31;1.53;17;7;10;0.55;0.44;0.67;27;14;13;0.87;0.88;0.87;23;14;6;74;45;19;31;15;16;1.00;0.94;1.07;7;4;3;23;25;20;10;3;7;14;9;5;8;2;6;26;13;40;13;7;6;18;10;8
CSD Defensa y Justicia Reserve;Defensa y Justicia;2023;Argentina;0;0;0;64;47;96;60;97;45;5;4;3;5;35;20;15;30;14;14;9.70;9.57;9.81;165;72;93;5.50;5.14;5.81;26;24;17;15;9;6;4;3;3;12;11;9;7;4;3;2;2;2;86;79;64;50;28;21;14;14;14;14;13;8;8;5;3;2;1;1;88;81;50;50;31;19;13;6;6;22;17;12;10;4;3;1;73;56;40;33;13;10;3;12;9;6;5;2;1;0;86;64;43;36;14;7;0;10;8;6;5;2;2;1;63;50;38;31;13;13;6;28;26;15;13;9;5;4;93;87;50;43;30;17;13;13;13;5;5;2;2;2;93;93;36;36;14;14;14;15;13;10;8;7;3;2;94;81;63;50;44;19;13;27;12;15;120;56;64;133;59;74;4.44;4.67;4.27;4.93;4.92;4.93;13;7;4;17;8;6;0;0;0;0;0;0;0;0;0;0;0;0;0;0;0;0;0;0;0;0;0;0;0;0;0;0;0;0;0;0;0;0;0;0;0;0;0;0;0;0;0;0;0;0;0;0;0;0;0;0;0;0;0;0;0;0;0;0;0;0;0;0;0;0;0;0;0;0;0;0;0;0;0;0;0;0;0;0;0;0;0;0;0;0;0;0;0;0;0;0;0;0;0;0;0;0;0;0;0;0;0;0;0;0;0;0;0;0;0;0;0;0;0;0;0;0;0;0;0;0;0;0;0;0;0;0;0;0;0;0;0;0;0;0;0;0;0;0;37;50;25;8;10.36;5.94;4.27;5.57;3.13;3.73;4.79;2.81;2;0;2;2;0;2;0;0;0;0;0;0;0;0;0;0.00;0.00;0.00;0.00;0.00;0.00;0;0;0;0;0;8;5;3;27;36;19;1;0;1;4;3;1;13;21;6;5;3;2;17;21;13;5;1;4;17;7;25;30;14;16;53;28;25;1.77;2.00;1.56;29;20;9;0.97;1.43;0.56;24;8;16;0.80;0.57;1.00;28;17;7;93;56;23;42;27;15;1.40;1.93;0.94;12;8;4;40;56;25;6;3;3;12;3;9;9;4;5;30;28;31;11;7;4;12;4;8
CA Tucuman Reserves;Atletico Tucuman;2023;Argentina;0;0;0;87;80;97;47;65;36;3;2;3;5;19;13;6;30;16;16;8.07;8.57;7.50;144;75;69;4.80;4.69;4.93;18;18;14;10;8;5;2;0;0;11;11;8;6;6;4;2;0;0;69;69;50;38;38;25;13;0;0;7;7;6;4;2;1;0;0;0;50;50;43;28;14;7;0;0;0;16;13;9;6;3;0;0;53;43;30;20;10;0;0;10;9;7;5;2;0;0;63;56;44;31;13;0;0;6;4;2;1;1;0;0;43;28;14;7;7;0;0;26;23;15;10;6;2;2;87;77;50;33;20;7;7;13;12;7;5;4;1;1;81;75;44;31;25;6;6;13;11;8;5;2;1;1;93;79;56;36;14;7;7;27;15;12;99;55;44;110;70;40;3.67;3.67;3.67;4.07;4.67;3.33;11;3;0;11;6;5;1;1;1;1;1;0;0;0;0;50;50;50;50;50;0;0;0;0;0;0;0;0;0;0;0;0;0;0;0;0;0;0;0;0;0;0;1;1;1;1;1;0;0;0;0;7;7;7;7;7;0;0;0;0;1;1;0;0;0;0;0;50;50;0;0;0;0;0;0;0;0;0;0;0;0;0;0;0;0;0;0;0;1;1;0;0;0;0;0;7;7;0;0;0;0;0;1;1;1;0;0;0;0;50;50;50;0;0;0;0;0;0;0;0;0;0;0;0;0;0;0;0;0;0;1;1;1;0;0;0;0;7;7;7;0;0;0;0;20;19;21;7.67;7.25;8.14;3.20;2.31;4.21;4.47;4.94;3.93;9;9;0;9;9;0;0;0;0;0;0;0;0;0;0;0.00;0.00;0.00;0.00;0.00;0.00;0;0;0;0;0;5;3;2;17;19;14;2;1;1;3;2;1;10;13;7;8;4;4;27;25;28;5;2;3;17;13;21;30;16;14;48;24;24;1.60;1.50;1.71;21;13;8;0.70;0.81;0.57;27;11;16;0.90;0.69;1.14;26;15;7;87;50;23;36;23;13;1.20;1.44;0.93;9;6;3;30;38;21;9;5;4;12;5;7;9;4;5;30;25;36;10;8;2;15;7;8
CA Union de Santa Fe Reserves;Union Santa Fe;2023;Argentina;0;0;0;80;54;150;53;68;43;4;2;3;5;39;25;14;29;15;15;10.73;11.26;10.14;173;89;84;5.97;5.93;6.00;24;24;22;19;14;11;7;5;4;12;12;11;9;8;6;5;5;4;80;80;73;60;53;40;33;33;27;12;12;11;10;6;5;2;0;0;86;86;79;71;43;36;14;0;0;26;21;14;6;6;4;2;90;72;48;21;21;14;7;15;12;8;4;4;3;2;100;80;53;27;27;20;13;11;9;6;2;2;1;0;79;64;43;14;14;7;0;28;24;18;15;11;8;5;97;83;62;52;38;28;17;14;11;9;8;6;4;3;93;73;60;53;40;27;20;14;13;9;7;5;4;2;100;93;64;50;36;28;14;28;15;13;131;67;64;157;92;65;4.68;4.47;4.92;5.61;6.13;5.00;14;9;7;16;11;9;1;1;1;1;1;0;0;0;0;100;100;100;100;100;0;0;0;0;1;1;1;1;1;0;0;0;0;7;7;7;7;7;0;0;0;0;0;0;0;0;0;0;0;0;0;0;0;0;0;0;0;0;0;0;1;1;1;0;0;0;0;100;100;100;0;0;0;0;1;1;1;0;0;0;0;7;7;7;0;0;0;0;0;0;0;0;0;0;0;0;0;0;0;0;0;0;1;1;0;0;0;0;0;100;100;0;0;0;0;0;1;1;0;0;0;0;0;7;7;0;0;0;0;0;0;0;0;0;0;0;0;0;0;0;0;0;0;0;37;53;20;10.03;12.4;7.67;4.83;6.40;3.27;5.20;6.00;4.40;0;0;0;0;0;0;0;0;0;0;0;0;0;0;0;0.00;0.00;0.00;0.00;0.00;0.00;0;0;0;0;0;6;4;2;21;27;14;0;0;0;3;2;1;10;13;7;9;5;4;30;33;27;5;3;2;17;20;13;29;15;14;47;26;21;1.62;1.73;1.50;14;12;2;0.48;0.80;0.14;33;14;19;1.14;0.93;1.36;25;16;4;86;55;14;22;18;4;0.76;1.20;0.29;4;4;0;14;27;0;10;6;4;15;5;10;7;5;2;24;33;14;8;5;3;18;6;12
CA Independiente Reserve;Independiente;2023;Argentina;0;0;0;55;50;60;80;90;72;4;5;3;4;47;25;22;31;15;15;9.45;9.93;9.01;143;65;78;4.61;4.33;4.88;24;19;13;13;11;6;5;5;3;11;9;6;6;6;3;3;3;3;73;60;40;40;40;20;20;20;20;13;10;7;7;5;3;2;2;0;81;63;44;44;31;19;13;13;0;23;20;13;9;7;6;3;74;65;42;28;23;19;10;11;10;7;5;5;4;2;73;67;47;33;33;27;13;12;10;6;4;2;2;1;75;63;38;25;13;13;6;24;20;16;13;7;5;1;77;65;52;42;23;16;3;10;8;7;6;4;3;1;67;53;47;40;27;20;7;14;12;9;7;3;2;0;88;75;56;44;19;13;0;28;15;13;122;61;61;130;72;58;4.36;4.07;4.69;4.64;4.80;4.46;10;7;3;16;8;5;1;1;1;1;1;1;0;0;0;100;100;100;100;100;100;0;0;0;1;1;1;1;1;1;0;0;0;7;7;7;7;7;7;0;0;0;0;0;0;0;0;0;0;0;0;0;0;0;0;0;0;0;0;0;1;0;0;0;0;0;0;100;0;0;0;0;0;0;1;0;0;0;0;0;0;7;0;0;0;0;0;0;0;0;0;0;0;0;0;0;0;0;0;0;0;0;1;1;1;1;1;0;0;100;100;100;100;100;0;0;1;1;1;1;1;0;0;7;7;7;7;7;0;0;0;0;0;0;0;0;0;0;0;0;0;0;0;0;58;60;56;11.1;10.73;11.44;5.13;4.73;5.50;5.97;6.00;5.94;0;0;0;0;0;0;0;0;0;0;0;0;0;0;0;0.00;0.00;0.00;0.00;0.00;0.00;0;0;0;0;0;9;4;5;28;27;31;0;0;0;5;1;4;16;7;25;8;6;2;26;40;13;3;2;1;10;13;6;31;15;16;36;17;19;1.16;1.13;1.19;21;11;10;0.68;0.73;0.63;15;6;9;0.48;0.40;0.56;22;10;3;71;32;10;45;22;23;1.45;1.47;1.44;12;5;7;39;33;44;9;7;2;10;3;7;3;2;1;10;13;6;20;12;8;17;8;9
CA Banfield Reserve;Banfield;2023;Argentina;0;0;0;78;59;111;68;97;53;4;2;3;4;40;22;18;31;15;15;11.29;10.73;11.81;173;80;93;5.58;5.33;5.81;26;25;23;20;18;15;10;9;6;13;13;13;10;8;7;3;2;1;87;87;87;67;53;47;20;13;7;13;12;10;10;10;8;7;7;5;81;75;63;63;63;50;44;44;31;26;23;18;16;11;8;8;84;74;57;52;35;26;26;13;11;10;8;5;2;2;87;73;67;53;33;13;13;13;12;8;8;6;6;6;81;75;50;50;38;38;38;27;21;16;15;10;7;5;87;68;52;48;32;23;16;13;10;8;8;5;3;2;87;67;53;53;33;20;13;14;11;8;7;5;4;3;88;69;50;44;31;25;19;30;14;16;156;70;86;162;70;92;5.20;5.00;5.38;5.40;5.00;5.75;18;13;8;21;13;9;1;1;1;1;1;1;1;0;0;100;100;100;100;100;100;100;0;0;1;1;1;1;1;1;1;0;0;7;7;7;7;7;7;7;0;0;0;0;0;0;0;0;0;0;0;0;0;0;0;0;0;0;0;0;1;1;1;0;0;0;0;100;100;100;0;0;0;0;1;1;1;0;0;0;0;7;7;7;0;0;0;0;0;0;0;0;0;0;0;0;0;0;0;0;0;0;1;1;1;1;0;0;0;100;100;100;100;0;0;0;1;1;1;1;0;0;0;7;7;7;7;0;0;0;0;0;0;0;0;0;0;0;0;0;0;0;0;0;55;73;38;10.13;10.6;9.67;5.03;5.13;4.93;5.10;5.47;4.73;0;0;0;0;0;0;0;0;0;0;0;0;0;0;0;0.00;0.00;0.00;0.00;0.00;0.00;0;0;0;0;0;9;6;3;28;40;19;2;1;1;5;4;1;16;27;6;7;3;4;23;20;25;2;0;2;6;0;13;31;15;16;41;19;22;1.32;1.27;1.38;17;12;5;0.55;0.80;0.31;24;7;17;0.77;0.47;1.06;23;11;5;74;35;16;36;27;9;1.16;1.80;0.56;8;7;1;26;47;6;12;6;6;11;2;9;7;4;3;23;27;19;15;9;6;17;5;12
CA Boca Juniors Reserve;Boca Juniors;2023;Argentina;0;0;0;90;79;102;129;141;120;2;3;2;2;42;23;19;29;13;13;8.73;8.16;9.19;100;37;63;3.45;2.85;3.94;19;16;14;13;9;8;6;3;2;7;7;6;6;4;4;3;1;0;54;54;46;46;31;31;23;8;0;12;9;8;7;5;4;3;2;2;75;56;50;44;31;25;19;13;13;23;20;18;14;8;6;5;79;69;62;48;28;21;17;10;8;7;7;4;4;3;77;62;54;54;31;31;23;13;12;11;7;4;2;2;81;75;69;44;25;13;13;18;12;7;4;3;3;2;62;41;24;14;10;10;7;7;5;2;1;0;0;0;54;38;15;8;0;0;0;11;7;5;3;3;3;2;69;44;31;19;19;19;13;26;11;15;106;47;59;122;40;82;4.08;4.27;3.93;4.69;3.64;5.47;9;7;3;14;8;5;1;1;1;1;1;1;1;0;0;100;100;100;100;100;100;100;0;0;1;1;1;1;1;1;1;0;0;7;7;7;7;7;7;7;0;0;0;0;0;0;0;0;0;0;0;0;0;0;0;0;0;0;0;0;1;1;1;1;1;1;0;100;100;100;100;100;100;0;1;1;1;1;1;1;0;7;7;7;7;7;7;0;0;0;0;0;0;0;0;0;0;0;0;0;0;0;1;1;1;0;0;0;0;100;100;100;0;0;0;0;1;1;1;0;0;0;0;7;7;7;0;0;0;0;0;0;0;0;0;0;0;0;0;0;0;0;0;0;50;50;50;11.1;11.23;11;5.07;5.23;4.94;6.03;6.00;6.06;0;0;0;0;0;0;0;0;0;0;0;0;0;0;0;0.00;0.00;0.00;0.00;0.00;0.00;0;0;0;0;0;6;5;1;20;36;6;0;0;0;2;2;0;7;14;0;7;3;4;23;21;25;2;1;1;7;7;6;30;14;16;22;11;11;0.73;0.79;0.69;15;8;7;0.50;0.57;0.44;7;3;4;0.23;0.21;0.25;15;6;1;50;20;3;45;24;21;1.50;1.71;1.31;9;5;4;30;36;25;18;9;9;3;0;3;4;3;1;13;21;6;23;11;12;18;7;11
CA River Plate Reserve;River Plate;2023;Argentina;0;0;0;59;55;64;82;102;68;4;4;4;4;50;28;22;30;16;16;9.10;9.63;8.50;125;68;57;4.17;4.25;4.07;26;22;16;11;8;5;3;3;0;15;12;11;8;5;3;2;2;0;94;75;69;50;31;19;13;13;0;11;10;5;3;3;2;1;1;0;79;71;36;21;21;14;7;7;0;26;19;16;12;7;5;4;87;63;53;40;23;17;13;13;11;11;7;6;4;3;81;69;69;44;38;25;19;13;8;5;5;1;1;1;93;56;36;36;7;7;7;21;19;12;7;5;4;2;70;63;40;23;17;13;7;11;10;6;4;4;4;2;69;63;38;25;25;25;13;10;9;6;3;1;0;0;71;64;43;21;7;0;0;30;16;14;131;72;59;135;78;57;4.37;4.50;4.21;4.50;4.88;4.07;15;5;4;11;8;4;0;0;0;0;0;0;0;0;0;0;0;0;0;0;0;0;0;0;0;0;0;0;0;0;0;0;0;0;0;0;0;0;0;0;0;0;0;0;0;0;0;0;0;0;0;0;0;0;0;0;0;0;0;0;0;0;0;0;0;0;0;0;0;0;0;0;0;0;0;0;0;0;0;0;0;0;0;0;0;0;0;0;0;0;0;0;0;0;0;0;0;0;0;0;0;0;0;0;0;0;0;0;0;0;0;0;0;0;0;0;0;0;0;0;0;0;0;0;0;0;0;0;0;0;0;0;0;0;0;0;0;0;0;0;0;0;0;0;61;69;53;11;10.56;11.5;5.47;5.00;6.00;5.53;5.56;5.50;0;0;0;0;0;0;0;0;0;0;0;0;0;0;0;0.00;0.00;0.00;0.00;0.00;0.00;0;0;0;0;0;11;6;5;35;38;33;0;0;0;5;2;3;16;13;20;1;0;1;3;0;7;6;3;3;19;19;20;31;16;15;47;23;24;1.52;1.44;1.60;28;16;12;0.90;1.00;0.80;19;7;12;0.61;0.44;0.80;24;15;6;77;48;19;49;28;21;1.58;1.75;1.40;13;8;5;42;50;33;10;4;6;8;4;4;5;1;4;16;6;27;19;11;8;14;7;7
CA Colon Reserve;Colon;2023;Argentina;0;0;0;117;103;130;68;71;65;2;2;5;3;35;17;18;31;15;15;8.80;9.07;8.56;130;57;73;4.19;3.80;4.56;23;14;12;10;9;7;6;3;3;13;7;5;5;5;3;3;2;2;87;47;33;33;33;20;20;13;13;10;7;7;5;4;4;3;1;1;63;44;44;31;25;25;19;6;6;26;19;15;8;5;4;2;84;61;48;26;16;13;6;14;11;8;5;3;3;1;93;73;53;33;20;20;7;12;8;7;3;2;1;1;75;50;44;19;13;6;6;22;19;12;8;4;3;2;71;61;39;26;13;10;6;10;8;6;3;1;1;0;67;53;40;20;7;7;0;12;11;6;5;3;2;2;75;69;38;31;19;13;13;31;15;16;141;74;67;129;59;70;4.55;4.93;4.19;4.16;3.93;4.38;12;8;8;15;5;3;1;1;1;1;1;1;1;0;0;50;50;50;50;50;50;50;0;0;0;0;0;0;0;0;0;0;0;0;0;0;0;0;0;0;0;0;1;1;1;1;1;1;1;0;0;6;6;6;6;6;6;6;0;0;1;1;1;0;0;0;0;50;50;50;0;0;0;0;0;0;0;0;0;0;0;0;0;0;0;0;0;0;1;1;1;0;0;0;0;6;6;6;0;0;0;0;1;1;1;1;0;0;0;50;50;50;50;0;0;0;0;0;0;0;0;0;0;0;0;0;0;0;0;0;1;1;1;1;0;0;0;6;6;6;6;0;0;0;42;47;38;10.94;12.47;9.5;5.26;6.40;4.19;5.68;6.07;5.31;12;12;0;12;12;0;5;5;0;2;2;0;1;1;0;5.00;5.00;0.00;2.00;2.00;0.00;1;1;1;1;1;4;3;1;13;20;6;0;0;0;2;1;1;6;7;6;3;2;1;10;13;6;7;2;5;23;13;31;31;15;16;42;19;23;1.35;1.27;1.44;15;8;7;0.48;0.53;0.44;27;11;16;0.87;0.73;1.00;26;11;5;84;35;16;29;20;9;0.94;1.33;0.56;7;6;1;23;40;6;8;2;6;16;7;9;8;2;6;26;13;38;12;8;4;16;7;9
Club Estudiantes de La Plata Reserve;Estudiantes;2023;Argentina;0;0;0;77;56;123;90;150;64;5;2;2;6;36;21;15;30;15;15;8.20;8.46;7.94;126;68;58;4.20;4.53;3.87;23;18;12;9;8;5;1;0;0;13;10;5;5;4;2;0;0;0;87;67;33;33;27;13;0;0;0;10;8;7;4;4;3;1;0;0;67;53;47;27;27;20;7;0;0;23;16;9;6;5;1;1;77;53;30;20;17;3;3;11;9;5;3;2;0;0;73;60;33;20;13;0;0;12;7;4;3;3;1;1;80;47;27;20;20;7;7;23;21;16;9;2;0;0;77;70;53;30;7;0;0;11;11;9;6;2;0;0;73;73;60;40;13;0;0;12;10;7;3;0;0;0;80;67;47;20;0;0;0;29;15;14;114;62;52;119;65;54;3.93;4.13;3.71;4.10;4.33;3.86;11;8;3;9;5;3;1;1;1;1;1;1;1;0;0;100;100;100;100;100;100;100;0;0;0;0;0;0;0;0;0;0;0;0;0;0;0;0;0;0;0;0;1;1;1;1;1;1;1;0;0;7;7;7;7;7;7;7;0;0;1;1;1;0;0;0;0;100;100;100;0;0;0;0;0;0;0;0;0;0;0;0;0;0;0;0;0;0;1;1;1;0;0;0;0;7;7;7;0;0;0;0;1;1;1;1;1;0;0;100;100;100;100;100;0;0;0;0;0;0;0;0;0;0;0;0;0;0;0;0;1;1;1;1;1;0;0;7;7;7;7;7;0;0;47;53;40;11.63;12.6;10.67;4.93;5.93;3.93;6.70;6.67;6.73;0;0;0;0;0;0;0;0;0;0;0;0;0;0;0;0.00;0.00;0.00;0.00;0.00;0.00;0;0;0;0;0;4;3;1;13;20;7;0;0;0;3;3;0;10;20;0;4;1;3;13;7;20;3;1;2;10;7;13;30;15;15;30;17;13;1.00;1.13;0.87;18;14;4;0.60;0.93;0.27;12;3;9;0.40;0.20;0.60;18;8;3;60;27;10;39;27;12;1.30;1.80;0.80;8;6;2;27;40;13;15;9;6;7;0;7;4;3;1;13;20;7;19;12;7;19;7;12
CA Velez Sarsfield Reserve;Velez Sarsfield;2023;Argentina;0;0;0;42;32;58;129;180;102;5;4;2;3;48;27;21;30;14;14;9.40;9.14;9.62;105;44;61;3.50;3.14;3.81;24;20;17;16;14;8;5;2;1;11;11;8;7;6;3;2;0;0;79;79;56;50;43;21;14;0;0;13;9;9;9;8;5;3;2;1;81;56;56;56;50;31;19;13;6;27;22;20;19;16;7;6;90;73;67;63;53;23;20;12;11;11;11;8;3;2;86;79;79;79;56;21;14;15;11;9;8;8;4;4;94;69;56;50;50;25;25;18;15;8;6;5;3;1;60;50;27;20;17;10;3;7;7;4;2;1;1;1;50;50;28;14;7;7;7;11;8;4;4;4;2;0;69;50;25;25;25;13;0;29;14;15;124;58;66;139;68;71;4.28;4.14;4.40;4.79;4.86;4.73;11;7;5;18;9;6;0;0;0;0;0;0;0;0;0;0;0;0;0;0;0;0;0;0;0;0;0;0;0;0;0;0;0;0;0;0;0;0;0;0;0;0;0;0;0;0;0;0;0;0;0;0;0;0;0;0;0;0;0;0;0;0;0;0;0;0;0;0;0;0;0;0;0;0;0;0;0;0;0;0;0;0;0;0;0;0;0;0;0;0;0;0;0;0;0;0;0;0;0;0;0;0;0;0;0;0;0;0;0;0;0;0;0;0;0;0;0;0;0;0;0;0;0;0;0;0;0;0;0;0;0;0;0;0;0;0;0;0;0;0;0;0;0;0;80;93;69;9.53;10.07;9.06;5.40;6.14;4.75;4.13;3.93;4.31;0;0;0;0;0;0;0;0;0;0;0;0;0;0;0;0.00;0.00;0.00;0.00;0.00;0.00;0;0;0;0;0;13;9;4;46;69;27;2;1;1;9;6;3;30;43;19;5;0;5;17;0;31;1;0;1;3;0;6;28;13;15;46;23;23;1.64;1.77;1.53;36;20;16;1.29;1.54;1.07;10;3;7;0.36;0.23;0.47;26;13;6;93;46;21;62;37;25;2.21;2.85;1.67;19;12;7;68;92;47;5;1;4;4;0;4;6;3;3;21;23;20;19;10;9;5;0;5
CA Newell's Old Boys Reserve;Newell's Old Boys;2023;Argentina;0;0;0;82;84;80;134;134;134;4;3;4;2;41;17;24;30;15;15;12.20;9.86;14.53;209;65;144;6.97;4.33;9.60;28;27;23;20;17;17;15;9;7;13;12;9;8;6;6;5;1;0;87;80;60;53;40;40;33;7;0;15;15;14;12;11;11;10;8;7;100;100;93;80;73;73;67;53;47;25;22;16;14;9;5;3;83;73;53;47;30;17;10;14;13;7;7;5;2;1;93;87;47;47;33;13;7;11;9;9;7;4;3;2;73;60;60;47;27;20;13;28;25;20;19;16;12;11;93;83;67;63;53;40;37;13;10;5;5;2;1;1;87;67;33;33;13;7;7;15;15;15;14;14;11;10;100;100;100;93;93;73;67;30;15;15;133;70;63;159;74;85;4.43;4.67;4.20;5.30;4.93;5.67;16;10;4;17;12;8;0;0;0;0;0;0;0;0;0;0;0;0;0;0;0;0;0;0;0;0;0;0;0;0;0;0;0;0;0;0;0;0;0;0;0;0;0;0;0;0;0;0;0;0;0;0;0;0;0;0;0;0;0;0;0;0;0;0;0;0;0;0;0;0;0;0;0;0;0;0;0;0;0;0;0;0;0;0;0;0;0;0;0;0;0;0;0;0;0;0;0;0;0;0;0;0;0;0;0;0;0;0;0;0;0;0;0;0;0;0;0;0;0;0;0;0;0;0;0;0;0;0;0;0;0;0;0;0;0;0;0;0;0;0;0;0;0;0;50;53;47;11.07;13;9.13;4.50;5.13;3.87;6.57;7.87;5.27;0;0;0;0;0;0;0;0;0;0;0;0;0;0;0;0.00;0.00;0.00;0.00;0.00;0.00;0;0;0;0;0;8;4;4;27;27;27;2;1;1;1;0;1;3;0;7;6;2;4;20;13;27;2;1;1;7;7;7;30;15;15;29;11;18;0.97;0.73;1.20;18;8;10;0.60;0.53;0.67;11;3;8;0.37;0.20;0.53;21;6;2;70;20;7;49;27;22;1.63;1.80;1.47;12;7;5;40;47;33;13;6;7;5;2;3;6;1;5;20;7;33;20;12;8;13;7;6
CA Lanus Reserve;Lanus;2023;Argentina;0;0;0;71;68;75;84;97;75;3;2;3;3;45;22;23;30;15;15;10.13;11.20;9.07;132;56;76;4.40;3.73;5.07;27;24;21;18;13;9;6;2;1;14;14;12;12;9;5;3;2;1;93;93;80;80;60;33;20;13;7;13;10;9;6;4;4;3;0;0;87;67;60;40;27;27;20;0;0;26;24;19;15;10;7;5;87;80;63;50;33;23;17;15;14;13;10;8;7;5;100;93;87;67;53;47;33;11;10;6;5;2;0;0;73;67;40;33;13;0;0;23;19;14;10;3;2;2;77;63;47;33;10;7;7;11;9;5;3;1;0;0;73;60;33;20;7;0;0;12;10;9;7;2;2;2;80;67;60;47;13;13;13;30;15;15;143;75;68;153;85;68;4.77;5.00;4.53;5.10;5.67;4.53;17;9;4;17;7;5;1;1;1;1;1;1;1;0;0;100;100;100;100;100;100;100;0;0;1;1;1;1;1;1;1;0;0;7;7;7;7;7;7;7;0;0;0;0;0;0;0;0;0;0;0;0;0;0;0;0;0;0;0;0;1;1;1;1;0;0;0;100;100;100;100;0;0;0;1;1;1;1;0;0;0;7;7;7;7;0;0;0;0;0;0;0;0;0;0;0;0;0;0;0;0;0;1;1;1;0;0;0;0;100;100;100;0;0;0;0;1;1;1;0;0;0;0;7;7;7;0;0;0;0;0;0;0;0;0;0;0;0;0;0;0;0;0;0;57;60;53;9.67;13.2;6.13;4.27;5.07;3.47;5.40;8.13;2.67;0;0;0;0;0;0;0;0;0;0;0;0;0;0;0;0.00;0.00;0.00;0.00;0.00;0.00;0;0;0;0;0;8;5;3;28;33;21;0;0;0;6;4;2;20;27;13;1;0;1;3;0;7;6;2;4;20;13;27;29;15;14;38;21;17;1.31;1.40;1.21;20;13;7;0.69;0.87;0.50;18;8;10;0.62;0.53;0.71;21;12;5;72;41;17;42;26;16;1.45;1.73;1.14;10;7;3;34;47;21;12;5;7;7;3;4;8;5;3;28;33;21;16;8;8;13;5;8
CA San Lorenzo de Almagro Reserve;San Lorenzo;2023;Argentina;0;0;0;80;75;84;97;123;80;3;3;3;4;46;22;24;30;15;15;8.47;8.33;8.60;113;44;69;3.77;2.93;4.60;17;13;12;12;12;7;5;4;4;8;6;6;6;6;5;3;2;2;53;40;40;40;40;33;20;13;13;9;7;6;6;6;2;2;2;2;60;47;40;40;40;13;13;13;13;22;18;11;8;6;5;4;73;60;37;27;20;17;13;11;10;6;5;5;4;3;73;67;40;33;33;27;20;11;8;5;3;1;1;1;73;53;33;20;7;7;7;19;13;10;6;5;3;2;63;43;33;20;17;10;7;8;5;3;1;1;0;0;53;33;20;7;7;0;0;11;8;7;5;4;3;2;73;53;47;33;27;20;13;28;13;15;114;49;65;116;52;64;4.07;3.77;4.33;4.14;4.00;4.27;9;8;5;10;6;4;0;0;0;0;0;0;0;0;0;0;0;0;0;0;0;0;0;0;0;0;0;0;0;0;0;0;0;0;0;0;0;0;0;0;0;0;0;0;0;0;0;0;0;0;0;0;0;0;0;0;0;0;0;0;0;0;0;0;0;0;0;0;0;0;0;0;0;0;0;0;0;0;0;0;0;0;0;0;0;0;0;0;0;0;0;0;0;0;0;0;0;0;0;0;0;0;0;0;0;0;0;0;0;0;0;0;0;0;0;0;0;0;0;0;0;0;0;0;0;0;0;0;0;0;0;0;0;0;0;0;0;0;0;0;0;0;0;0;63;67;60;10.17;10.2;10.13;4.90;5.13;4.67;5.27;5.07;5.47;0;0;0;0;0;0;0;0;0;0;0;0;0;0;0;0.00;0.00;0.00;0.00;0.00;0.00;0;0;0;0;0;6;3;3;21;21;20;1;1;0;5;1;4;17;7;27;4;3;1;13;20;7;3;2;1;10;13;7;29;14;15;34;15;19;1.17;1.07;1.27;16;8;8;0.55;0.57;0.53;18;7;11;0.62;0.50;0.73;20;9;5;69;31;17;36;20;16;1.24;1.43;1.07;8;5;3;28;36;20;12;5;7;9;4;5;6;3;3;21;21;20;16;9;7;16;6;10
CA Talleres de Cordoba Reserve;Talleres Cordoba;2023;Argentina;0;0;0;54;52;55;70;97;55;5;5;2;4;28;14;14;30;14;14;11.23;9.64;12.63;207;63;144;6.90;4.50;9.00;25;21;18;15;14;13;11;9;6;11;8;8;6;5;5;3;3;2;79;56;56;43;36;36;21;21;14;14;13;10;9;9;8;8;6;4;88;81;63;56;56;50;50;38;25;23;19;12;8;6;3;2;77;63;40;27;20;10;7;11;10;7;6;5;2;2;79;71;50;43;36;14;14;12;9;5;2;1;1;0;75;56;31;13;6;6;0;27;23;20;17;13;10;8;90;77;67;56;43;33;27;12;8;7;5;2;1;1;86;56;50;36;14;7;7;15;15;13;12;11;9;7;94;94;81;75;69;56;44;29;14;15;124;60;64;147;69;78;4.28;4.29;4.27;5.07;4.93;5.20;12;10;5;17;12;8;1;1;1;1;1;1;0;0;0;100;100;100;100;100;100;0;0;0;0;0;0;0;0;0;0;0;0;0;0;0;0;0;0;0;0;0;1;1;1;1;1;1;0;0;0;6;6;6;6;6;6;0;0;0;1;1;1;1;1;0;0;100;100;100;100;100;0;0;0;0;0;0;0;0;0;0;0;0;0;0;0;0;1;1;1;1;1;0;0;6;6;6;6;6;0;0;1;0;0;0;0;0;0;100;0;0;0;0;0;0;0;0;0;0;0;0;0;0;0;0;0;0;0;0;1;0;0;0;0;0;0;6;0;0;0;0;0;0;26;40;13;10.2;11.71;8.88;4.90;5.57;4.31;5.30;6.14;4.56;0;0;0;0;0;0;0;0;0;0;0;0;0;0;0;0.00;0.00;0.00;0.00;0.00;0.00;0;0;0;0;0;7;3;4;23;21;25;1;0;1;11;5;6;35;33;38;4;1;3;13;7;19;4;2;2;13;13;13;30;14;16;47;18;29;1.57;1.29;1.81;31;14;17;1.03;1.00;1.06;16;4;12;0.53;0.29;0.75;23;15;6;77;50;20;54;25;29;1.80;1.79;1.81;15;6;9;50;43;56;9;7;2;6;1;5;6;3;3;20;21;19;19;10;9;12;6;6
Arsenal FC de Sarandi Reserve;Arsenal de Sarandi;2023;Argentina;0;0;0;103;85;134;78;90;68;4;3;2;4;29;15;14;31;16;16;9.81;10.88;8.66;146;78;68;4.71;4.88;4.53;24;21;16;11;8;7;6;6;6;12;11;7;5;5;5;5;5;5;75;69;44;31;31;31;31;31;31;12;10;9;6;3;2;1;1;1;80;67;60;40;20;13;7;7;7;24;19;16;11;8;6;6;77;61;52;35;26;19;19;14;11;8;6;6;5;5;88;69;50;38;38;31;31;10;8;8;5;2;1;1;67;53;53;33;13;7;7;26;22;14;11;6;4;4;84;71;45;35;19;13;13;14;11;7;6;3;3;3;88;69;44;38;19;19;19;12;11;7;5;3;1;1;80;73;47;33;20;7;7;31;16;15;141;86;55;136;64;72;4.55;5.38;3.67;4.39;4.00;4.80;17;8;6;16;9;5;0;0;0;0;0;0;0;0;0;0;0;0;0;0;0;0;0;0;0;0;0;0;0;0;0;0;0;0;0;0;0;0;0;0;0;0;0;0;0;0;0;0;0;0;0;0;0;0;0;0;0;0;0;0;0;0;0;0;0;0;0;0;0;0;0;0;0;0;0;0;0;0;0;0;0;0;0;0;0;0;0;0;0;0;0;0;0;0;0;0;0;0;0;0;0;0;0;0;0;0;0;0;0;0;0;0;0;0;0;0;0;0;0;0;0;0;0;0;0;0;0;0;0;0;0;0;0;0;0;0;0;0;0;0;0;0;0;0;26;31;20;9.16;10;8.27;3.74;3.88;3.60;5.42;6.13;4.67;0;0;0;0;0;0;0;0;0;0;0;0;0;0;0;0.00;0.00;0.00;0.00;0.00;0.00;0;0;0;0;0;5;4;1;16;25;7;0;0;0;3;2;1;10;13;7;2;1;1;6;6;7;5;2;3;16;13;20;31;16;15;35;17;18;1.13;1.06;1.20;16;11;5;0.52;0.69;0.33;19;6;13;0.61;0.38;0.87;22;12;1;71;39;3;35;24;11;1.13;1.50;0.73;7;6;1;23;38;7;14;6;8;10;4;6;5;2;3;16;13;20;16;10;6;19;8;11
CA Sarmiento Reserves;Sarmiento;2023;Argentina;0;0;0;93;80;113;71;84;61;3;2;2;4;28;15;13;30;15;15;10.17;9.20;11.14;164;76;88;5.47;5.07;5.87;23;23;21;20;16;10;8;5;4;11;11;9;9;6;3;1;1;1;73;73;60;60;40;20;7;7;7;12;12;12;11;10;7;7;4;3;80;80;80;73;67;47;47;27;20;23;16;13;11;9;7;5;77;53;43;37;30;23;17;11;6;5;4;3;3;1;73;40;33;27;20;20;7;12;10;8;7;6;4;4;80;67;53;47;40;27;27;24;20;18;16;11;7;5;80;67;60;53;37;23;17;13;10;8;7;5;2;1;87;67;53;47;33;13;7;11;10;10;9;6;5;4;73;67;67;60;40;33;27;27;14;13;121;62;59;153;70;83;4.48;4.43;4.54;5.67;5.00;6.38;11;9;6;16;13;11;0;0;0;0;0;0;0;0;0;0;0;0;0;0;0;0;0;0;0;0;0;0;0;0;0;0;0;0;0;0;0;0;0;0;0;0;0;0;0;0;0;0;0;0;0;0;0;0;0;0;0;0;0;0;0;0;0;0;0;0;0;0;0;0;0;0;0;0;0;0;0;0;0;0;0;0;0;0;0;0;0;0;0;0;0;0;0;0;0;0;0;0;0;0;0;0;0;0;0;0;0;0;0;0;0;0;0;0;0;0;0;0;0;0;0;0;0;0;0;0;0;0;0;0;0;0;0;0;0;0;0;0;0;0;0;0;0;0;40;47;33;10.2;12.4;8;4.83;5.53;4.13;5.37;6.87;3.87;2;2;0;2;2;0;0;0;0;0;0;0;0;0;0;0.00;0.00;0.00;0.00;0.00;0.00;0;0;0;0;0;4;3;1;13;20;7;0;0;0;1;0;1;3;0;7;6;4;2;20;27;13;5;2;3;17;13;20;30;15;15;29;11;18;0.97;0.73;1.20;15;8;7;0.50;0.53;0.47;14;3;11;0.47;0.20;0.73;17;9;2;56;30;7;39;24;15;1.30;1.60;1.00;7;5;2;23;33;13;18;9;9;5;1;4;6;2;4;20;13;27;19;12;7;18;8;10
CA Central Cordoba de Santiago del Estero Reserves;Central Cordoba SdE;2023;Argentina;0;0;0;75;84;68;51;64;42;3;4;3;5;39;19;20;30;15;15;10.96;13.27;8.67;175;102;73;5.83;6.80;4.87;23;21;18;17;15;11;10;8;6;14;13;11;11;10;8;7;6;5;93;87;73;73;67;53;47;40;33;9;8;7;6;5;3;3;2;1;60;53;47;40;33;20;20;13;7;25;18;15;10;8;5;5;83;60;50;33;27;17;17;14;11;9;7;6;5;5;93;73;60;47;40;33;33;11;7;6;3;2;0;0;73;47;40;20;13;0;0;23;20;19;17;15;10;7;77;67;63;56;50;33;23;13;12;12;10;9;6;4;87;80;80;67;60;40;27;10;8;7;7;6;4;3;67;53;47;47;40;27;20;28;13;15;136;74;62;151;87;64;4.86;5.69;4.13;5.39;6.69;4.27;13;11;9;15;12;10;1;1;1;1;1;1;1;0;0;100;100;100;100;100;100;100;0;0;1;1;1;1;1;1;1;0;0;7;7;7;7;7;7;7;0;0;0;0;0;0;0;0;0;0;0;0;0;0;0;0;0;0;0;0;1;1;1;1;1;0;0;100;100;100;100;100;0;0;1;1;1;1;1;0;0;7;7;7;7;7;0;0;0;0;0;0;0;0;0;0;0;0;0;0;0;0;1;1;1;0;0;0;0;100;100;100;0;0;0;0;1;1;1;0;0;0;0;7;7;7;0;0;0;0;0;0;0;0;0;0;0;0;0;0;0;0;0;0;50;47;53;7.73;7.6;7.87;3.43;3.00;3.87;4.30;4.60;4.00;0;0;0;0;0;0;0;0;0;0;0;0;0;0;0;0.00;0.00;0.00;0.00;0.00;0.00;0;0;0;0;0;6;3;3;20;20;20;0;0;0;6;3;3;20;20;20;5;4;1;17;27;7;4;1;3;13;7;20;30;15;15;47;20;27;1.57;1.33;1.80;16;7;9;0.53;0.47;0.60;31;13;18;1.03;0.87;1.20;26;13;7;87;43;23;34;18;16;1.13;1.20;1.07;9;5;4;30;33;27;7;3;4;14;7;7;6;2;4;20;13;27;10;6;4;18;9;9
CA Platense Reserves;Platense;2023;Argentina;0;0;0;90;71;123;64;84;52;4;2;5;4;34;21;13;30;15;15;10.23;9.47;11.00;169;82;87;5.63;5.47;5.80;28;22;18;15;11;9;7;5;4;14;9;7;6;5;3;3;2;1;93;60;47;40;33;20;20;13;7;14;13;11;9;6;6;4;3;3;93;87;73;60;40;40;27;20;20;24;19;14;13;7;3;2;80;63;47;43;23;10;7;11;8;6;6;3;0;0;73;53;40;40;20;0;0;13;11;8;7;4;3;2;87;73;53;47;27;20;13;28;25;19;16;9;5;3;93;83;63;53;30;17;10;15;12;10;8;4;1;1;100;80;67;53;27;7;7;13;13;9;8;5;4;2;87;87;60;53;33;27;13;30;15;15;130;57;73;166;78;88;4.33;3.80;4.87;5.53;5.20;5.87;14;8;4;18;12;9;0;0;0;0;0;0;0;0;0;0;0;0;0;0;0;0;0;0;0;0;0;0;0;0;0;0;0;0;0;0;0;0;0;0;0;0;0;0;0;0;0;0;0;0;0;0;0;0;0;0;0;0;0;0;0;0;0;0;0;0;0;0;0;0;0;0;0;0;0;0;0;0;0;0;0;0;0;0;0;0;0;0;0;0;0;0;0;0;0;0;0;0;0;0;0;0;0;0;0;0;0;0;0;0;0;0;0;0;0;0;0;0;0;0;0;0;0;0;0;0;0;0;0;0;0;0;0;0;0;0;0;0;0;0;0;0;0;0;30;53;7;7.57;7.27;7.87;4.00;3.80;4.20;3.57;3.47;3.67;0;0;0;0;0;0;0;0;0;0;0;0;0;0;0;0.00;0.00;0.00;0.00;0.00;0.00;0;0;0;0;0;4;3;1;14;21;7;0;0;0;4;3;1;13;20;7;6;2;4;20;13;27;5;2;3;17;13;20;29;14;15;40;19;21;1.38;1.36;1.40;14;9;5;0.48;0.64;0.33;26;10;16;0.90;0.71;1.07;22;12;4;76;41;14;27;17;10;0.93;1.21;0.67;5;3;2;17;21;13;12;8;4;12;3;9;8;5;3;28;36;20;12;8;4;16;6;10
CA Barracas Central Reserves;Barracas Central;2023;Argentina;0;0;0;100;84;123;61;61;61;3;5;4;5;23;11;12;29;15;15;10.10;9.20;11.07;141;59;82;4.86;3.93;5.86;24;22;16;13;13;10;9;7;5;11;9;7;5;5;3;3;2;2;73;60;47;33;33;20;20;13;13;13;13;9;8;8;7;6;5;3;93;93;64;56;56;50;43;36;21;23;20;17;12;8;6;3;79;69;59;41;28;21;10;11;9;9;6;4;3;2;73;60;60;40;27;20;13;12;11;8;6;4;3;1;86;79;56;43;28;21;7;24;18;13;10;9;6;3;83;62;45;34;31;21;10;11;8;4;2;2;2;2;73;53;27;13;13;13;13;13;10;9;8;7;4;1;93;71;64;56;50;28;7;28;14;14;111;51;60;162;72;90;3.96;3.64;4.29;5.79;5.14;6.43;8;8;5;21;11;9;0;0;0;0;0;0;0;0;0;0;0;0;0;0;0;0;0;0;0;0;0;0;0;0;0;0;0;0;0;0;0;0;0;0;0;0;0;0;0;0;0;0;0;0;0;0;0;0;0;0;0;0;0;0;0;0;0;0;0;0;0;0;0;0;0;0;0;0;0;0;0;0;0;0;0;0;0;0;0;0;0;0;0;0;0;0;0;0;0;0;0;0;0;0;0;0;0;0;0;0;0;0;0;0;0;0;0;0;0;0;0;0;0;0;0;0;0;0;0;0;0;0;0;0;0;0;0;0;0;0;0;0;0;0;0;0;0;0;33;40;27;10.17;9.07;11.36;4.45;3.80;5.14;5.72;5.27;6.21;0;0;0;0;0;0;0;0;0;0;0;0;0;0;0;0.00;0.00;0.00;0.00;0.00;0.00;0;0;0;0;0;3;2;1;10;13;7;0;0;0;4;2;2;13;13;13;7;4;3;23;27;20;3;2;1;10;13;7;30;15;15;38;21;17;1.27;1.40;1.13;17;11;6;0.57;0.73;0.40;21;10;11;0.70;0.67;0.73;23;9;5;77;30;17;36;22;14;1.20;1.47;0.93;9;6;3;30;40;20;9;4;5;12;5;7;6;4;2;20;27;13;13;7;6;18;7;11
Instituto AC Cordoba Reserve;Instituto;2023;Argentina;0;0;0;78;55;134;73;90;61;5;3;4;5;31;21;10;30;16;16;10.43;11.00;9.79;138;71;67;4.60;4.44;4.79;27;27;21;17;15;10;4;3;2;14;14;12;10;8;6;4;3;2;88;88;75;63;50;38;25;19;13;13;13;9;7;7;4;0;0;0;93;93;64;50;50;28;0;0;0;28;25;20;17;12;8;3;93;83;67;56;40;27;10;15;14;12;11;10;6;3;94;88;75;69;63;38;19;13;11;8;6;2;2;0;93;79;56;43;14;14;0;24;18;15;10;5;3;2;80;60;50;33;17;10;7;12;8;7;4;2;2;2;75;50;44;25;13;13;13;12;10;8;6;3;1;0;86;71;56;43;21;7;0;28;14;14;137;67;70;134;67;67;4.89;4.79;5.00;4.79;4.79;4.79;16;10;6;16;9;4;0;0;0;0;0;0;0;0;0;0;0;0;0;0;0;0;0;0;0;0;0;0;0;0;0;0;0;0;0;0;0;0;0;0;0;0;0;0;0;0;0;0;0;0;0;0;0;0;0;0;0;0;0;0;0;0;0;0;0;0;0;0;0;0;0;0;0;0;0;0;0;0;0;0;0;0;0;0;0;0;0;0;0;0;0;0;0;0;0;0;0;0;0;0;0;0;0;0;0;0;0;0;0;0;0;0;0;0;0;0;0;0;0;0;0;0;0;0;0;0;0;0;0;0;0;0;0;0;0;0;0;0;0;0;0;0;0;0;42;56;27;11.47;12.94;9.79;5.27;6.19;4.21;6.20;6.75;5.57;0;0;0;0;0;0;0;0;0;0;0;0;0;0;0;0.00;0.00;0.00;0.00;0.00;0.00;0;0;0;0;0;3;3;0;10;19;0;0;0;0;3;3;0;10;19;0;3;1;2;10;6;13;7;3;4;23;19;27;30;16;14;42;25;17;1.40;1.56;1.21;25;18;7;0.83;1.13;0.50;17;7;10;0.57;0.44;0.71;25;12;4;83;40;13;47;33;14;1.57;2.06;1.00;13;10;3;43;63;21;8;3;5;9;3;6;5;3;2;17;19;14;17;10;7;13;4;9
